CustomerID,Age,Gender,Tenure,Usage Frequency,Support Calls,Payment Delay,Subscription Type,Contract Length,Total Spend,Last Interaction,Churn
92144.0,54.0,Male,5.0,20.0,1.0,3.0,Basic,Quarterly,421.0,15.0,1.0
45808.0,30.0,Female,33.0,21.0,10.0,27.0,Basic,Monthly,335.0,19.0,1.0
412308.0,48.0,Female,8.0,20.0,3.0,10.0,Basic,Quarterly,832.23,14.0,0.0
12380.0,34.0,Male,30.0,5.0,1.0,7.0,Premium,Monthly,535.0,12.0,0.0
103786.0,24.0,Female,26.0,2.0,4.0,23.0,Standard,Monthly,811.0,14.0,1.0
26302.0,60.0,Male,33.0,29.0,2.0,25.0,Premium,Monthly,530.0,29.0,0.0
38944.0,33.0,Female,44.0,21.0,6.0,5.0,Basic,Quarterly,774.0,29.0,0.0
80405.0,64.0,Female,30.0,4.0,7.0,21.0,Premium,Quarterly,202.0,9.0,1.0
17584.0,34.0,Female,5.0,20.0,0.0,18.0,Basic,Monthly,960.0,10.0,0.0
345389.0,36.0,Male,44.0,21.0,1.0,18.0,Premium,Annual,589.22,23.0,0.0
62793.0,38.0,Male,5.0,17.0,2.0,24.0,Premium,Monthly,262.0,19.0,1.0
419804.0,48.0,Male,24.0,10.0,2.0,20.0,Standard,Quarterly,519.75,30.0,0.0
207383.0,35.0,Female,29.0,25.0,5.0,16.0,Premium,Annual,728.88,18.0,1.0
190303.0,38.0,Female,58.0,24.0,8.0,7.0,Premium,Annual,968.0,29.0,1.0
23521.0,55.0,Female,51.0,2.0,1.0,30.0,Standard,Quarterly,602.0,6.0,1.0
150835.0,64.0,Female,25.0,15.0,1.0,4.0,Standard,Monthly,718.0,1.0,1.0
209888.0,18.0,Male,15.0,22.0,5.0,25.0,Premium,Annual,904.6,10.0,1.0
141119.0,59.0,Male,11.0,17.0,3.0,4.0,Standard,Monthly,912.0,12.0,1.0
267034.0,31.0,Male,25.0,26.0,1.0,2.0,Standard,Annual,752.47,29.0,0.0
213349.0,54.0,Female,43.0,30.0,9.0,6.0,Standard,Annual,740.28,25.0,1.0
15679.0,26.0,Male,2.0,24.0,4.0,6.0,Standard,Annual,111.0,15.0,0.0
144299.0,38.0,Male,51.0,5.0,4.0,4.0,Basic,Annual,621.0,8.0,1.0
255990.0,40.0,Female,7.0,28.0,3.0,21.0,Basic,Monthly,803.6,10.0,1.0
429609.0,29.0,Female,28.0,30.0,0.0,19.0,Premium,Quarterly,731.47,14.0,0.0
441041.0,36.0,Male,49.0,14.0,3.0,16.0,Premium,Quarterly,864.04,8.0,0.0
41673.0,65.0,Female,46.0,3.0,0.0,15.0,Basic,Quarterly,696.0,30.0,0.0
44459.0,60.0,Male,29.0,28.0,0.0,29.0,Basic,Quarterly,211.0,1.0,1.0
368607.0,46.0,Male,53.0,14.0,1.0,20.0,Premium,Annual,724.89,3.0,0.0
263243.0,43.0,Male,25.0,28.0,3.0,7.0,Premium,Quarterly,740.6,30.0,0.0
71002.0,28.0,Female,51.0,29.0,3.0,23.0,Basic,Annual,915.0,4.0,1.0
221277.0,59.0,Male,18.0,28.0,1.0,1.0,Basic,Monthly,625.72,18.0,1.0
115468.0,43.0,Female,59.0,15.0,7.0,13.0,Standard,Annual,817.0,18.0,1.0
272146.0,49.0,Female,32.0,29.0,0.0,11.0,Premium,Annual,501.58,6.0,0.0
430489.0,50.0,Male,55.0,9.0,3.0,12.0,Basic,Annual,618.83,11.0,0.0
146875.0,24.0,Male,31.0,8.0,1.0,9.0,Standard,Monthly,490.0,6.0,1.0
446395.0,47.0,Female,13.0,26.0,1.0,18.0,Basic,Quarterly,602.82,6.0,0.0
115133.0,63.0,Female,23.0,4.0,4.0,30.0,Premium,Annual,712.0,7.0,1.0
276597.0,27.0,Male,37.0,1.0,0.0,7.0,Basic,Annual,947.2,30.0,0.0
148386.0,64.0,Female,16.0,13.0,9.0,13.0,Standard,Annual,312.0,11.0,1.0
261134.0,20.0,Female,51.0,14.0,2.0,8.0,Standard,Annual,869.85,11.0,0.0
22873.0,40.0,Female,31.0,13.0,2.0,21.0,Premium,Annual,253.0,30.0,1.0
155761.0,38.0,Female,57.0,18.0,0.0,12.0,Standard,Quarterly,497.0,7.0,1.0
370364.0,24.0,Male,12.0,12.0,1.0,2.0,Standard,Annual,566.73,18.0,0.0
250841.0,34.0,Male,18.0,12.0,8.0,25.0,Premium,Annual,581.86,5.0,1.0
202046.0,53.0,Male,24.0,28.0,10.0,3.0,Standard,Annual,816.0,18.0,1.0
297700.0,31.0,Male,28.0,11.0,2.0,18.0,Premium,Annual,958.97,18.0,0.0
108948.0,25.0,Male,32.0,2.0,1.0,1.0,Standard,Monthly,890.0,19.0,1.0
62329.0,29.0,Female,12.0,23.0,9.0,25.0,Standard,Annual,219.0,2.0,1.0
264387.0,19.0,Male,58.0,9.0,0.0,0.0,Standard,Quarterly,819.7,23.0,0.0
159199.0,64.0,Male,19.0,1.0,0.0,18.0,Standard,Annual,839.0,16.0,1.0
314136.0,29.0,Male,48.0,13.0,2.0,12.0,Premium,Annual,760.15,1.0,0.0
286746.0,32.0,Male,35.0,1.0,2.0,17.0,Basic,Annual,508.57,22.0,0.0
399025.0,40.0,Male,1.0,3.0,3.0,6.0,Premium,Annual,948.42,24.0,0.0
12806.0,52.0,Female,24.0,22.0,7.0,14.0,Standard,Monthly,932.0,30.0,1.0
409486.0,24.0,Male,26.0,19.0,0.0,10.0,Basic,Annual,655.28,1.0,0.0
171639.0,40.0,Female,17.0,4.0,10.0,3.0,Standard,Monthly,193.0,21.0,1.0
409477.0,34.0,Male,58.0,18.0,1.0,6.0,Premium,Quarterly,955.21,24.0,0.0
3704.0,27.0,Male,24.0,24.0,2.0,15.0,Basic,Quarterly,974.0,9.0,0.0
446027.0,50.0,Male,6.0,28.0,3.0,18.0,Basic,Quarterly,688.96,24.0,0.0
67506.0,20.0,Female,19.0,12.0,7.0,14.0,Basic,Annual,768.0,7.0,1.0
25153.0,63.0,Male,6.0,15.0,10.0,13.0,Basic,Quarterly,677.0,3.0,0.0
111903.0,48.0,Male,41.0,2.0,9.0,8.0,Standard,Monthly,918.0,14.0,1.0
250613.0,40.0,Female,20.0,3.0,6.0,25.0,Standard,Annual,213.75,1.0,1.0
52732.0,51.0,Male,9.0,8.0,1.0,0.0,Premium,Monthly,766.0,29.0,1.0
57376.0,32.0,Male,27.0,6.0,5.0,11.0,Premium,Quarterly,891.0,11.0,1.0
421945.0,42.0,Female,9.0,15.0,1.0,9.0,Basic,Quarterly,717.5,12.0,0.0
207536.0,55.0,Female,10.0,16.0,8.0,16.0,Basic,Annual,110.19,9.0,1.0
350148.0,31.0,Male,31.0,11.0,0.0,10.0,Premium,Quarterly,640.37,23.0,0.0
265664.0,39.0,Male,58.0,18.0,0.0,1.0,Basic,Quarterly,832.73,13.0,0.0
325854.0,46.0,Male,10.0,12.0,3.0,16.0,Premium,Annual,594.4,26.0,0.0
439279.0,20.0,Male,44.0,1.0,2.0,5.0,Standard,Quarterly,632.92,21.0,0.0
175112.0,41.0,Female,36.0,3.0,9.0,30.0,Basic,Monthly,610.0,4.0,1.0
124724.0,64.0,Male,44.0,30.0,8.0,15.0,Basic,Quarterly,907.0,3.0,1.0
432001.0,30.0,Male,59.0,28.0,3.0,12.0,Basic,Annual,554.39,16.0,0.0
226568.0,18.0,Male,30.0,4.0,7.0,15.0,Standard,Annual,991.93,6.0,1.0
350165.0,39.0,Male,31.0,11.0,2.0,20.0,Basic,Quarterly,797.37,29.0,0.0
199656.0,64.0,Male,38.0,5.0,6.0,5.0,Premium,Quarterly,678.0,16.0,1.0
103749.0,59.0,Female,24.0,22.0,4.0,23.0,Premium,Quarterly,166.0,3.0,1.0
183092.0,53.0,Female,51.0,3.0,8.0,30.0,Standard,Monthly,377.0,18.0,1.0
202169.0,49.0,Male,8.0,21.0,3.0,18.0,Premium,Annual,824.0,30.0,0.0
275612.0,18.0,Male,38.0,4.0,1.0,5.0,Premium,Annual,728.13,14.0,0.0
21568.0,59.0,Male,21.0,11.0,8.0,1.0,Basic,Annual,332.0,29.0,0.0
52060.0,22.0,Male,45.0,8.0,9.0,26.0,Standard,Monthly,880.0,24.0,1.0
19095.0,63.0,Female,25.0,24.0,4.0,25.0,Premium,Monthly,135.0,5.0,1.0
186474.0,63.0,Female,10.0,22.0,9.0,0.0,Basic,Annual,588.0,1.0,1.0
297149.0,45.0,Male,31.0,28.0,2.0,14.0,Standard,Annual,847.36,3.0,0.0
31829.0,22.0,Female,28.0,10.0,2.0,14.0,Standard,Annual,864.0,18.0,1.0
182849.0,44.0,Female,50.0,29.0,2.0,7.0,Basic,Annual,144.0,2.0,1.0
193977.0,48.0,Male,31.0,11.0,9.0,24.0,Premium,Annual,300.0,3.0,1.0
26842.0,34.0,Male,32.0,24.0,0.0,16.0,Standard,Annual,888.0,14.0,0.0
59134.0,19.0,Female,33.0,27.0,5.0,18.0,Standard,Annual,666.0,17.0,1.0
373195.0,33.0,Male,5.0,13.0,3.0,16.0,Standard,Annual,880.73,20.0,0.0
59796.0,30.0,Male,33.0,25.0,8.0,29.0,Standard,Quarterly,242.0,27.0,1.0
323965.0,48.0,Male,44.0,20.0,3.0,14.0,Premium,Quarterly,518.91,11.0,0.0
91553.0,45.0,Male,51.0,24.0,5.0,5.0,Premium,Monthly,977.0,30.0,1.0
97704.0,36.0,Male,54.0,24.0,6.0,3.0,Standard,Annual,195.0,5.0,1.0
262364.0,41.0,Male,6.0,30.0,1.0,13.0,Premium,Annual,759.49,11.0,0.0
123207.0,23.0,Male,31.0,22.0,9.0,28.0,Standard,Quarterly,550.0,26.0,1.0
46007.0,64.0,Male,44.0,7.0,6.0,28.0,Standard,Annual,571.0,29.0,1.0
385233.0,43.0,Male,22.0,11.0,4.0,13.0,Premium,Annual,843.42,13.0,0.0
47515.0,64.0,Female,25.0,9.0,3.0,8.0,Basic,Annual,421.0,18.0,1.0
345236.0,41.0,Male,32.0,28.0,4.0,8.0,Standard,Quarterly,986.69,28.0,0.0
190782.0,46.0,Female,41.0,14.0,8.0,25.0,Standard,Annual,469.0,30.0,1.0
71860.0,63.0,Male,58.0,8.0,0.0,13.0,Standard,Annual,960.0,18.0,1.0
140499.0,18.0,Male,21.0,11.0,2.0,9.0,Basic,Monthly,600.0,14.0,1.0
216694.0,49.0,Female,2.0,6.0,1.0,12.0,Premium,Quarterly,346.77,20.0,1.0
131780.0,31.0,Female,45.0,8.0,0.0,21.0,Standard,Monthly,460.0,7.0,1.0
242839.0,33.0,Female,39.0,26.0,1.0,23.0,Standard,Monthly,438.74,12.0,1.0
424969.0,29.0,Male,6.0,18.0,0.0,6.0,Basic,Quarterly,972.8,15.0,0.0
256264.0,58.0,Female,19.0,4.0,6.0,0.0,Premium,Monthly,977.8,24.0,1.0
348252.0,49.0,Male,17.0,16.0,3.0,4.0,Basic,Annual,631.92,27.0,0.0
247947.0,47.0,Male,58.0,5.0,0.0,22.0,Standard,Annual,546.45,3.0,1.0
8019.0,24.0,Female,59.0,21.0,6.0,26.0,Premium,Annual,826.0,26.0,1.0
255743.0,30.0,Male,15.0,26.0,3.0,9.0,Premium,Monthly,810.12,19.0,1.0
312567.0,49.0,Male,15.0,13.0,2.0,4.0,Basic,Quarterly,543.24,17.0,0.0
274273.0,46.0,Female,56.0,13.0,3.0,5.0,Standard,Annual,702.0,9.0,0.0
24003.0,43.0,Female,35.0,20.0,5.0,3.0,Premium,Monthly,727.0,25.0,1.0
148213.0,19.0,Male,45.0,20.0,8.0,15.0,Premium,Quarterly,324.0,29.0,1.0
181635.0,45.0,Male,47.0,6.0,9.0,7.0,Premium,Annual,261.0,7.0,1.0
272871.0,40.0,Male,33.0,3.0,3.0,14.0,Standard,Quarterly,660.74,14.0,0.0
200563.0,31.0,Female,59.0,18.0,8.0,11.0,Basic,Annual,757.0,21.0,1.0
315189.0,19.0,Male,56.0,24.0,0.0,4.0,Basic,Quarterly,989.18,30.0,0.0
87706.0,40.0,Female,1.0,11.0,3.0,27.0,Basic,Monthly,849.0,15.0,1.0
36354.0,53.0,Female,56.0,11.0,1.0,28.0,Standard,Quarterly,697.0,30.0,0.0
224343.0,35.0,Female,6.0,26.0,1.0,28.0,Premium,Monthly,319.99,17.0,1.0
269194.0,38.0,Male,38.0,16.0,3.0,0.0,Standard,Annual,562.97,27.0,0.0
13690.0,51.0,Female,7.0,29.0,3.0,6.0,Premium,Monthly,302.0,7.0,0.0
332281.0,49.0,Male,3.0,28.0,1.0,2.0,Standard,Annual,666.7,3.0,0.0
37982.0,19.0,Female,2.0,9.0,10.0,11.0,Basic,Annual,677.0,29.0,0.0
68890.0,49.0,Female,1.0,28.0,5.0,21.0,Premium,Annual,351.0,5.0,1.0
84116.0,42.0,Female,48.0,13.0,5.0,6.0,Premium,Annual,725.0,24.0,1.0
76606.0,57.0,Female,54.0,24.0,1.0,21.0,Standard,Annual,730.0,17.0,1.0
207616.0,56.0,Male,16.0,2.0,8.0,15.0,Premium,Monthly,195.24,17.0,1.0
267311.0,44.0,Male,45.0,3.0,2.0,16.0,Standard,Quarterly,770.5,19.0,0.0
330933.0,33.0,Male,12.0,21.0,1.0,3.0,Premium,Quarterly,929.18,7.0,0.0
312441.0,27.0,Male,38.0,6.0,2.0,8.0,Premium,Quarterly,543.14,27.0,0.0
296687.0,44.0,Male,55.0,28.0,4.0,10.0,Standard,Annual,998.25,27.0,0.0
141470.0,65.0,Male,36.0,29.0,2.0,21.0,Standard,Monthly,337.0,4.0,1.0
245216.0,18.0,Male,29.0,17.0,8.0,3.0,Standard,Quarterly,659.15,25.0,1.0
250097.0,19.0,Female,47.0,3.0,2.0,17.0,Standard,Annual,525.63,13.0,1.0
42810.0,25.0,Female,1.0,9.0,7.0,25.0,Basic,Quarterly,689.0,26.0,1.0
326333.0,36.0,Female,11.0,14.0,3.0,19.0,Premium,Quarterly,579.4,13.0,0.0
62979.0,31.0,Male,43.0,20.0,9.0,17.0,Basic,Quarterly,252.0,13.0,1.0
39185.0,42.0,Male,41.0,27.0,1.0,21.0,Standard,Monthly,912.0,26.0,0.0
386157.0,31.0,Female,52.0,24.0,2.0,2.0,Basic,Annual,619.27,13.0,0.0
438947.0,46.0,Male,13.0,26.0,4.0,14.0,Basic,Annual,578.29,13.0,0.0
133685.0,34.0,Female,45.0,22.0,3.0,16.0,Premium,Annual,420.0,26.0,1.0
229603.0,58.0,Male,56.0,18.0,10.0,23.0,Basic,Quarterly,596.35,22.0,1.0
54340.0,41.0,Male,55.0,2.0,3.0,0.0,Standard,Monthly,965.0,17.0,1.0
20945.0,27.0,Male,27.0,11.0,7.0,26.0,Premium,Annual,439.0,9.0,1.0
36811.0,22.0,Male,18.0,19.0,10.0,18.0,Basic,Quarterly,430.0,29.0,1.0
66686.0,52.0,Female,60.0,13.0,2.0,16.0,Standard,Quarterly,701.0,14.0,1.0
4641.0,21.0,Male,47.0,27.0,2.0,0.0,Premium,Quarterly,926.0,22.0,0.0
137877.0,24.0,Female,38.0,6.0,8.0,0.0,Standard,Annual,972.0,29.0,1.0
394052.0,29.0,Female,48.0,25.0,2.0,8.0,Basic,Quarterly,832.23,5.0,0.0
54803.0,27.0,Female,31.0,14.0,5.0,8.0,Basic,Annual,392.0,19.0,1.0
352857.0,48.0,Female,40.0,16.0,1.0,16.0,Basic,Quarterly,725.28,13.0,0.0
337847.0,31.0,Male,54.0,7.0,2.0,10.0,Basic,Quarterly,726.89,3.0,0.0
151466.0,50.0,Female,37.0,26.0,8.0,2.0,Basic,Annual,635.0,9.0,1.0
16169.0,26.0,Male,14.0,12.0,5.0,3.0,Premium,Annual,868.0,7.0,1.0
386094.0,44.0,Male,29.0,10.0,2.0,6.0,Basic,Annual,974.4,7.0,0.0
368720.0,48.0,Female,15.0,14.0,2.0,20.0,Premium,Annual,840.35,12.0,0.0
224408.0,47.0,Male,7.0,12.0,8.0,18.0,Standard,Quarterly,162.92,5.0,1.0
416928.0,19.0,Male,33.0,6.0,1.0,1.0,Basic,Annual,513.01,26.0,0.0
360103.0,49.0,Male,48.0,13.0,4.0,6.0,Standard,Annual,981.47,15.0,0.0
245515.0,31.0,Female,42.0,2.0,4.0,15.0,Standard,Quarterly,632.92,15.0,1.0
76815.0,18.0,Male,58.0,4.0,10.0,26.0,Basic,Annual,878.0,6.0,1.0
372740.0,26.0,Female,19.0,12.0,0.0,5.0,Basic,Quarterly,647.64,14.0,0.0
9694.0,38.0,Female,60.0,20.0,7.0,2.0,Standard,Annual,930.0,30.0,1.0
12798.0,43.0,Female,50.0,5.0,8.0,8.0,Standard,Monthly,840.0,3.0,1.0
58951.0,19.0,Female,58.0,12.0,9.0,20.0,Basic,Monthly,862.0,7.0,1.0
429835.0,25.0,Male,5.0,27.0,2.0,10.0,Standard,Quarterly,522.2,25.0,0.0
72350.0,34.0,Male,17.0,28.0,4.0,17.0,Standard,Quarterly,540.0,8.0,1.0
303521.0,36.0,Male,53.0,28.0,2.0,2.0,Premium,Quarterly,608.67,21.0,0.0
282913.0,48.0,Male,20.0,27.0,1.0,9.0,Basic,Quarterly,788.31,11.0,0.0
37995.0,18.0,Male,40.0,27.0,5.0,6.0,Basic,Monthly,673.0,13.0,0.0
316815.0,34.0,Female,28.0,26.0,3.0,11.0,Standard,Quarterly,965.81,5.0,0.0
158379.0,59.0,Female,24.0,15.0,3.0,0.0,Standard,Annual,512.0,5.0,1.0
270585.0,42.0,Male,10.0,27.0,0.0,18.0,Premium,Annual,598.4,18.0,0.0
411017.0,49.0,Male,60.0,6.0,4.0,15.0,Premium,Annual,666.82,6.0,0.0
8782.0,27.0,Male,28.0,12.0,8.0,6.0,Basic,Monthly,457.0,6.0,1.0
40969.0,32.0,Female,16.0,30.0,7.0,30.0,Premium,Quarterly,366.0,18.0,1.0
202378.0,62.0,Female,49.0,4.0,1.0,13.0,Standard,Annual,380.0,20.0,1.0
60552.0,26.0,Female,23.0,1.0,1.0,13.0,Premium,Monthly,902.0,20.0,1.0
202594.0,38.0,Male,34.0,28.0,8.0,1.0,Basic,Quarterly,436.0,28.0,1.0
141801.0,65.0,Female,29.0,10.0,2.0,12.0,Premium,Quarterly,703.0,29.0,1.0
257192.0,23.0,Male,32.0,5.0,7.0,4.0,Basic,Annual,457.25,20.0,1.0
435758.0,26.0,Male,40.0,15.0,2.0,13.0,Premium,Annual,996.24,4.0,0.0
233285.0,54.0,Female,50.0,5.0,7.0,6.0,Premium,Monthly,590.93,10.0,1.0
44875.0,33.0,Male,50.0,21.0,8.0,6.0,Basic,Quarterly,521.0,17.0,1.0
111157.0,59.0,Male,3.0,11.0,10.0,2.0,Standard,Annual,201.0,29.0,1.0
405641.0,19.0,Female,36.0,8.0,1.0,4.0,Premium,Quarterly,778.29,15.0,0.0
121788.0,45.0,Male,42.0,25.0,1.0,1.0,Premium,Quarterly,421.0,10.0,1.0
128422.0,45.0,Male,58.0,5.0,6.0,24.0,Premium,Quarterly,637.0,1.0,1.0
147567.0,24.0,Male,35.0,23.0,0.0,30.0,Standard,Quarterly,719.0,20.0,1.0
53917.0,52.0,Male,46.0,19.0,8.0,28.0,Basic,Quarterly,299.0,6.0,1.0
155955.0,42.0,Male,10.0,21.0,4.0,9.0,Standard,Quarterly,633.0,11.0,0.0
164310.0,40.0,Male,16.0,25.0,1.0,16.0,Standard,Annual,372.0,25.0,1.0
140805.0,49.0,Female,21.0,23.0,9.0,19.0,Basic,Annual,707.0,28.0,1.0
437043.0,21.0,Female,47.0,4.0,1.0,12.0,Standard,Quarterly,706.77,7.0,0.0
120575.0,33.0,Female,58.0,28.0,9.0,15.0,Basic,Monthly,317.0,15.0,1.0
49824.0,22.0,Male,24.0,5.0,8.0,21.0,Standard,Annual,449.0,7.0,1.0
16235.0,22.0,Male,33.0,25.0,5.0,5.0,Premium,Annual,483.0,29.0,1.0
411508.0,39.0,Male,20.0,19.0,3.0,10.0,Basic,Annual,869.63,13.0,0.0
183387.0,52.0,Male,57.0,28.0,1.0,17.0,Premium,Annual,754.0,15.0,1.0
16902.0,36.0,Female,5.0,10.0,5.0,8.0,Premium,Annual,975.0,5.0,0.0
255124.0,65.0,Female,57.0,13.0,10.0,19.0,Standard,Monthly,730.95,11.0,1.0
48774.0,35.0,Female,53.0,14.0,10.0,15.0,Standard,Annual,401.0,1.0,1.0
416600.0,24.0,Female,7.0,9.0,0.0,14.0,Standard,Quarterly,624.11,4.0,0.0
312272.0,36.0,Female,11.0,4.0,3.0,5.0,Basic,Quarterly,846.09,8.0,0.0
264287.0,22.0,Male,20.0,14.0,1.0,12.0,Basic,Quarterly,715.4,25.0,0.0
425438.0,40.0,Male,3.0,15.0,2.0,12.0,Premium,Annual,725.39,27.0,0.0
1212.0,37.0,Female,50.0,12.0,2.0,29.0,Standard,Monthly,198.0,24.0,1.0
387032.0,31.0,Male,28.0,5.0,2.0,17.0,Premium,Quarterly,655.5,12.0,0.0
45661.0,46.0,Male,43.0,30.0,2.0,19.0,Standard,Quarterly,498.0,23.0,1.0
1189.0,61.0,Male,16.0,15.0,9.0,0.0,Basic,Quarterly,865.0,8.0,0.0
330833.0,36.0,Male,9.0,4.0,2.0,10.0,Premium,Quarterly,989.45,26.0,0.0
126669.0,64.0,Female,59.0,17.0,10.0,1.0,Basic,Annual,393.0,23.0,1.0
54058.0,44.0,Female,15.0,13.0,7.0,7.0,Basic,Annual,444.0,11.0,1.0
171208.0,23.0,Female,30.0,23.0,5.0,22.0,Premium,Annual,813.0,24.0,1.0
6945.0,57.0,Female,51.0,18.0,8.0,8.0,Basic,Quarterly,450.0,21.0,1.0
343057.0,41.0,Female,2.0,23.0,2.0,17.0,Premium,Quarterly,630.22,9.0,0.0
68548.0,64.0,Female,47.0,22.0,9.0,0.0,Standard,Monthly,691.0,28.0,1.0
154270.0,30.0,Male,60.0,15.0,7.0,16.0,Basic,Quarterly,181.0,20.0,1.0
80855.0,35.0,Female,8.0,25.0,5.0,19.0,Premium,Annual,920.0,13.0,1.0
32228.0,20.0,Male,28.0,4.0,6.0,30.0,Premium,Annual,674.0,9.0,1.0
388134.0,44.0,Male,44.0,5.0,2.0,6.0,Premium,Quarterly,782.01,1.0,0.0
415798.0,34.0,Female,29.0,12.0,0.0,18.0,Standard,Annual,932.97,3.0,0.0
30749.0,53.0,Female,4.0,24.0,9.0,2.0,Standard,Annual,575.0,8.0,1.0
4928.0,56.0,Male,38.0,8.0,7.0,3.0,Premium,Annual,740.0,25.0,0.0
75057.0,52.0,Female,54.0,23.0,5.0,28.0,Premium,Monthly,947.0,7.0,1.0
155002.0,30.0,Male,30.0,7.0,10.0,16.0,Standard,Quarterly,625.0,20.0,1.0
357444.0,33.0,Male,56.0,25.0,2.0,5.0,Premium,Quarterly,545.8,10.0,0.0
317683.0,33.0,Male,32.0,3.0,3.0,10.0,Standard,Annual,674.19,4.0,0.0
25749.0,39.0,Female,59.0,11.0,8.0,6.0,Basic,Annual,513.0,27.0,0.0
322397.0,38.0,Female,49.0,10.0,3.0,6.0,Premium,Quarterly,973.75,13.0,0.0
403156.0,42.0,Female,32.0,25.0,0.0,4.0,Basic,Annual,681.07,14.0,0.0
35046.0,39.0,Female,53.0,21.0,7.0,26.0,Standard,Annual,181.0,6.0,1.0
131546.0,58.0,Male,56.0,16.0,6.0,13.0,Premium,Monthly,581.0,2.0,1.0
125349.0,30.0,Female,28.0,3.0,10.0,23.0,Basic,Annual,279.0,8.0,1.0
11321.0,27.0,Female,26.0,19.0,10.0,28.0,Basic,Quarterly,236.0,30.0,1.0
329617.0,47.0,Female,59.0,29.0,1.0,11.0,Basic,Quarterly,585.43,8.0,0.0
168103.0,53.0,Female,39.0,20.0,0.0,17.0,Basic,Monthly,217.0,19.0,1.0
180482.0,45.0,Female,43.0,23.0,6.0,16.0,Basic,Annual,365.0,30.0,1.0
16660.0,50.0,Male,25.0,11.0,10.0,8.0,Premium,Annual,900.0,23.0,0.0
439260.0,42.0,Female,2.0,6.0,4.0,1.0,Standard,Quarterly,651.36,14.0,0.0
105100.0,43.0,Male,14.0,4.0,7.0,7.0,Basic,Annual,981.0,13.0,1.0
444819.0,42.0,Male,57.0,13.0,3.0,1.0,Standard,Annual,656.33,4.0,0.0
298914.0,37.0,Male,51.0,23.0,2.0,20.0,Premium,Quarterly,580.28,7.0,0.0
52871.0,33.0,Female,17.0,26.0,4.0,24.0,Premium,Annual,459.0,12.0,1.0
205208.0,59.0,Female,32.0,12.0,10.0,15.0,Premium,Annual,854.28,13.0,1.0
39587.0,26.0,Male,22.0,19.0,1.0,1.0,Premium,Annual,452.0,23.0,1.0
118855.0,30.0,Female,12.0,7.0,2.0,8.0,Premium,Annual,769.0,24.0,1.0
313854.0,20.0,Female,56.0,6.0,2.0,4.0,Basic,Quarterly,647.73,14.0,0.0
163071.0,42.0,Female,24.0,10.0,1.0,23.0,Basic,Monthly,807.0,19.0,1.0
285550.0,42.0,Female,10.0,26.0,1.0,4.0,Basic,Annual,629.83,1.0,0.0
243992.0,45.0,Female,1.0,28.0,8.0,12.0,Standard,Quarterly,236.36,27.0,1.0
210194.0,19.0,Female,12.0,19.0,6.0,7.0,Premium,Quarterly,626.48,7.0,1.0
44497.0,27.0,Male,48.0,29.0,9.0,5.0,Standard,Annual,452.0,20.0,1.0
175494.0,62.0,Male,53.0,12.0,7.0,18.0,Standard,Annual,417.0,25.0,1.0
208041.0,46.0,Male,12.0,4.0,4.0,27.0,Premium,Monthly,121.21,12.0,1.0
281124.0,45.0,Female,1.0,24.0,0.0,9.0,Standard,Quarterly,506.72,10.0,0.0
91812.0,52.0,Male,58.0,16.0,2.0,30.0,Standard,Monthly,252.0,19.0,1.0
175516.0,23.0,Female,56.0,19.0,9.0,3.0,Basic,Quarterly,759.0,12.0,1.0
361094.0,26.0,Female,21.0,25.0,1.0,8.0,Premium,Quarterly,764.51,7.0,0.0
382051.0,40.0,Male,21.0,19.0,2.0,11.0,Standard,Quarterly,969.21,22.0,0.0
46423.0,59.0,Female,37.0,9.0,8.0,2.0,Standard,Annual,614.0,15.0,1.0
12261.0,55.0,Male,38.0,6.0,6.0,25.0,Basic,Annual,516.0,17.0,1.0
268150.0,34.0,Male,54.0,30.0,3.0,19.0,Premium,Quarterly,884.77,27.0,0.0
176773.0,45.0,Female,33.0,15.0,4.0,0.0,Basic,Annual,858.0,21.0,1.0
15765.0,51.0,Female,60.0,5.0,5.0,13.0,Standard,Monthly,987.0,25.0,1.0
146088.0,31.0,Male,59.0,1.0,1.0,20.0,Premium,Monthly,806.0,16.0,1.0
147671.0,55.0,Male,55.0,26.0,7.0,18.0,Standard,Monthly,340.0,25.0,1.0
261112.0,27.0,Male,51.0,20.0,0.0,9.0,Standard,Quarterly,879.55,23.0,0.0
39164.0,23.0,Female,11.0,25.0,9.0,11.0,Standard,Quarterly,658.0,1.0,1.0
12363.0,33.0,Male,46.0,30.0,3.0,18.0,Standard,Quarterly,539.0,7.0,0.0
431658.0,20.0,Male,7.0,2.0,2.0,19.0,Basic,Quarterly,842.42,14.0,0.0
3549.0,26.0,Female,16.0,30.0,7.0,9.0,Standard,Annual,592.0,17.0,1.0
221107.0,31.0,Female,17.0,19.0,5.0,10.0,Premium,Annual,538.28,16.0,1.0
219017.0,45.0,Male,55.0,10.0,10.0,0.0,Standard,Monthly,294.43,23.0,1.0
378984.0,27.0,Female,6.0,21.0,1.0,19.0,Standard,Quarterly,917.64,8.0,0.0
7903.0,46.0,Male,1.0,6.0,10.0,23.0,Premium,Quarterly,551.0,8.0,0.0
17545.0,55.0,Female,49.0,10.0,10.0,15.0,Basic,Quarterly,577.0,14.0,0.0
72136.0,24.0,Male,42.0,2.0,10.0,10.0,Premium,Annual,977.0,2.0,1.0
250923.0,43.0,Male,60.0,2.0,4.0,12.0,Premium,Monthly,199.01,11.0,1.0
302735.0,41.0,Male,5.0,18.0,0.0,14.0,Premium,Annual,838.47,20.0,0.0
63338.0,52.0,Female,15.0,4.0,8.0,25.0,Premium,Annual,760.0,8.0,1.0
74913.0,61.0,Male,9.0,4.0,3.0,1.0,Basic,Quarterly,821.0,12.0,1.0
20827.0,18.0,Female,42.0,6.0,9.0,20.0,Standard,Annual,976.0,8.0,1.0
1247.0,36.0,Female,5.0,8.0,5.0,4.0,Premium,Annual,330.0,4.0,1.0
67369.0,23.0,Male,42.0,1.0,3.0,15.0,Standard,Annual,428.0,7.0,1.0
404476.0,28.0,Male,5.0,18.0,0.0,19.0,Standard,Annual,700.95,10.0,0.0
187617.0,30.0,Female,7.0,30.0,6.0,29.0,Premium,Monthly,517.0,7.0,1.0
382594.0,40.0,Male,59.0,18.0,4.0,3.0,Standard,Quarterly,846.71,14.0,0.0
414695.0,31.0,Male,56.0,16.0,1.0,1.0,Standard,Quarterly,526.19,19.0,0.0
114788.0,29.0,Female,36.0,23.0,4.0,30.0,Standard,Quarterly,235.0,2.0,1.0
240966.0,20.0,Female,54.0,27.0,4.0,0.0,Premium,Monthly,140.27,29.0,1.0
280988.0,47.0,Female,31.0,14.0,4.0,11.0,Premium,Annual,559.21,2.0,0.0
59472.0,59.0,Female,33.0,16.0,6.0,27.0,Standard,Annual,393.0,11.0,1.0
265553.0,27.0,Male,5.0,15.0,1.0,2.0,Premium,Annual,755.84,21.0,0.0
447524.0,46.0,Male,9.0,5.0,3.0,13.0,Basic,Annual,741.72,14.0,0.0
21915.0,20.0,Male,45.0,10.0,0.0,19.0,Premium,Annual,606.0,20.0,0.0
3194.0,51.0,Male,55.0,26.0,8.0,12.0,Standard,Quarterly,686.0,21.0,1.0
401783.0,45.0,Male,7.0,25.0,2.0,4.0,Premium,Annual,501.03,24.0,0.0
308395.0,45.0,Female,54.0,12.0,2.0,9.0,Basic,Annual,764.77,14.0,0.0
205697.0,24.0,Male,13.0,23.0,7.0,16.0,Standard,Quarterly,754.48,14.0,1.0
8638.0,37.0,Male,48.0,21.0,1.0,8.0,Basic,Monthly,168.0,26.0,1.0
47441.0,25.0,Male,13.0,7.0,9.0,2.0,Standard,Annual,833.0,18.0,1.0
211852.0,25.0,Male,40.0,17.0,6.0,24.0,Premium,Monthly,806.1,30.0,1.0
378976.0,40.0,Female,4.0,22.0,0.0,2.0,Premium,Quarterly,792.6,10.0,0.0
16427.0,57.0,Female,29.0,14.0,6.0,8.0,Basic,Quarterly,548.0,7.0,0.0
394443.0,49.0,Female,36.0,29.0,2.0,18.0,Premium,Annual,772.51,7.0,0.0
325401.0,40.0,Male,12.0,20.0,2.0,11.0,Standard,Quarterly,550.44,2.0,0.0
364759.0,48.0,Female,10.0,7.0,0.0,3.0,Basic,Annual,512.18,13.0,0.0
213127.0,49.0,Female,52.0,18.0,5.0,2.0,Premium,Monthly,991.97,24.0,1.0
122990.0,22.0,Male,33.0,7.0,5.0,12.0,Basic,Monthly,249.0,28.0,1.0
70436.0,55.0,Female,8.0,8.0,1.0,15.0,Basic,Annual,207.0,11.0,1.0
116547.0,36.0,Male,4.0,6.0,0.0,9.0,Basic,Monthly,331.0,11.0,1.0
173157.0,23.0,Female,29.0,25.0,10.0,2.0,Premium,Annual,985.0,28.0,1.0
88085.0,40.0,Female,1.0,3.0,8.0,18.0,Standard,Annual,164.0,21.0,1.0
201092.0,37.0,Female,1.0,29.0,8.0,19.0,Premium,Monthly,118.0,30.0,1.0
108001.0,65.0,Male,51.0,12.0,8.0,10.0,Standard,Monthly,595.0,26.0,1.0
17038.0,44.0,Female,10.0,22.0,7.0,15.0,Premium,Annual,709.0,8.0,1.0
326668.0,20.0,Male,55.0,21.0,1.0,7.0,Basic,Quarterly,923.41,24.0,0.0
157869.0,65.0,Male,60.0,1.0,9.0,1.0,Standard,Quarterly,431.0,2.0,1.0
132283.0,62.0,Female,18.0,11.0,8.0,20.0,Basic,Monthly,172.0,3.0,1.0
27248.0,55.0,Female,35.0,24.0,3.0,25.0,Standard,Annual,134.0,1.0,1.0
303802.0,26.0,Male,42.0,5.0,0.0,17.0,Premium,Annual,717.22,15.0,0.0
209198.0,22.0,Female,7.0,2.0,6.0,15.0,Premium,Quarterly,269.96,3.0,1.0
306415.0,44.0,Female,10.0,3.0,4.0,10.0,Standard,Quarterly,957.7,12.0,0.0
173177.0,60.0,Male,7.0,27.0,2.0,27.0,Premium,Quarterly,787.0,26.0,1.0
425866.0,34.0,Male,56.0,15.0,1.0,9.0,Basic,Quarterly,577.21,13.0,0.0
29099.0,62.0,Male,5.0,14.0,7.0,16.0,Standard,Monthly,928.0,21.0,0.0
231986.0,52.0,Male,53.0,16.0,4.0,23.0,Basic,Annual,465.69,25.0,1.0
85608.0,61.0,Male,39.0,12.0,7.0,28.0,Premium,Monthly,652.0,26.0,1.0
29748.0,50.0,Female,20.0,30.0,9.0,27.0,Premium,Annual,805.0,16.0,0.0
68427.0,38.0,Male,22.0,25.0,5.0,20.0,Premium,Quarterly,486.0,5.0,1.0
311560.0,44.0,Male,59.0,6.0,2.0,13.0,Basic,Annual,917.3,28.0,0.0
136454.0,45.0,Female,31.0,23.0,0.0,17.0,Standard,Monthly,382.0,29.0,1.0
8775.0,59.0,Male,55.0,13.0,8.0,9.0,Standard,Quarterly,568.0,16.0,0.0
38215.0,24.0,Male,11.0,19.0,8.0,8.0,Basic,Quarterly,907.0,8.0,1.0
408665.0,32.0,Female,9.0,27.0,2.0,7.0,Standard,Quarterly,700.2,6.0,0.0
296665.0,44.0,Male,40.0,10.0,4.0,2.0,Basic,Quarterly,777.63,13.0,0.0
182601.0,61.0,Male,2.0,21.0,6.0,0.0,Standard,Quarterly,980.0,2.0,1.0
123804.0,62.0,Male,35.0,2.0,6.0,2.0,Premium,Quarterly,686.0,1.0,1.0
386684.0,40.0,Female,33.0,20.0,1.0,12.0,Premium,Annual,555.24,6.0,0.0
16069.0,18.0,Male,17.0,15.0,3.0,1.0,Basic,Quarterly,236.0,17.0,0.0
148536.0,20.0,Male,44.0,25.0,3.0,0.0,Premium,Monthly,334.0,23.0,1.0
206526.0,61.0,Female,33.0,18.0,2.0,19.0,Premium,Monthly,891.22,20.0,1.0
36359.0,51.0,Female,23.0,7.0,3.0,3.0,Premium,Quarterly,252.0,27.0,1.0
257300.0,32.0,Male,14.0,15.0,8.0,14.0,Standard,Quarterly,262.6,27.0,1.0
335505.0,50.0,Male,28.0,24.0,3.0,9.0,Basic,Quarterly,664.2,24.0,0.0
378622.0,41.0,Male,8.0,15.0,0.0,10.0,Basic,Quarterly,879.2,23.0,0.0
184362.0,23.0,Female,12.0,23.0,6.0,2.0,Basic,Quarterly,194.0,1.0,1.0
15095.0,31.0,Female,20.0,10.0,5.0,21.0,Premium,Monthly,198.0,25.0,1.0
208113.0,21.0,Male,29.0,28.0,4.0,20.0,Standard,Monthly,410.66,26.0,1.0
40513.0,18.0,Female,24.0,29.0,6.0,11.0,Standard,Annual,962.0,19.0,1.0
237093.0,21.0,Male,60.0,25.0,7.0,14.0,Premium,Annual,745.37,18.0,1.0
305833.0,46.0,Male,7.0,4.0,4.0,14.0,Basic,Quarterly,522.19,6.0,0.0
31407.0,54.0,Male,24.0,7.0,9.0,20.0,Premium,Monthly,417.0,16.0,1.0
162825.0,31.0,Female,19.0,2.0,6.0,19.0,Standard,Quarterly,752.0,1.0,1.0
202466.0,55.0,Female,24.0,16.0,0.0,21.0,Basic,Monthly,815.0,17.0,1.0
214615.0,60.0,Male,2.0,3.0,4.0,26.0,Standard,Quarterly,431.68,9.0,1.0
9486.0,44.0,Female,40.0,17.0,1.0,7.0,Premium,Quarterly,255.0,26.0,1.0
26168.0,55.0,Male,53.0,1.0,5.0,8.0,Basic,Monthly,562.0,1.0,1.0
446389.0,46.0,Male,29.0,7.0,3.0,20.0,Standard,Annual,773.12,20.0,0.0
411374.0,44.0,Female,48.0,22.0,0.0,7.0,Premium,Annual,948.48,5.0,0.0
33641.0,36.0,Female,17.0,25.0,6.0,27.0,Basic,Annual,997.0,28.0,1.0
243841.0,53.0,Female,32.0,6.0,3.0,27.0,Basic,Quarterly,890.35,25.0,1.0
381703.0,20.0,Male,53.0,15.0,1.0,0.0,Premium,Annual,858.05,10.0,0.0
406806.0,33.0,Female,38.0,3.0,0.0,15.0,Basic,Quarterly,727.72,6.0,0.0
193276.0,37.0,Female,18.0,13.0,2.0,12.0,Standard,Annual,898.0,14.0,0.0
88010.0,63.0,Female,38.0,20.0,4.0,3.0,Basic,Quarterly,958.0,10.0,1.0
33748.0,38.0,Female,16.0,12.0,4.0,14.0,Basic,Monthly,603.0,12.0,1.0
253762.0,23.0,Male,46.0,12.0,6.0,14.0,Premium,Monthly,221.12,14.0,1.0
68246.0,21.0,Female,49.0,10.0,4.0,12.0,Basic,Quarterly,869.0,17.0,1.0
86426.0,51.0,Female,41.0,30.0,1.0,25.0,Premium,Monthly,394.0,30.0,1.0
76240.0,51.0,Male,10.0,22.0,7.0,13.0,Basic,Annual,799.0,19.0,1.0
164936.0,18.0,Female,51.0,7.0,5.0,5.0,Basic,Quarterly,232.0,24.0,1.0
152684.0,23.0,Female,11.0,12.0,6.0,17.0,Basic,Quarterly,290.0,14.0,1.0
50518.0,41.0,Male,37.0,21.0,8.0,30.0,Standard,Annual,833.0,11.0,1.0
185147.0,35.0,Female,54.0,15.0,7.0,3.0,Standard,Monthly,521.0,13.0,1.0
446597.0,26.0,Male,45.0,4.0,0.0,16.0,Premium,Quarterly,871.26,23.0,0.0
144514.0,50.0,Female,21.0,26.0,6.0,21.0,Basic,Quarterly,215.0,21.0,1.0
387704.0,19.0,Female,32.0,17.0,1.0,13.0,Premium,Quarterly,722.58,15.0,0.0
21822.0,64.0,Female,53.0,8.0,8.0,11.0,Basic,Quarterly,809.0,20.0,1.0
261768.0,48.0,Male,53.0,1.0,2.0,9.0,Standard,Quarterly,919.24,15.0,0.0
86685.0,41.0,Male,33.0,29.0,1.0,11.0,Standard,Monthly,312.0,9.0,1.0
17499.0,58.0,Female,51.0,3.0,6.0,27.0,Basic,Annual,774.0,6.0,1.0
420896.0,41.0,Male,43.0,4.0,3.0,1.0,Premium,Annual,601.06,4.0,0.0
333073.0,46.0,Female,26.0,8.0,2.0,9.0,Standard,Annual,565.79,14.0,0.0
5706.0,44.0,Female,11.0,2.0,6.0,30.0,Basic,Annual,118.0,3.0,1.0
190817.0,40.0,Male,57.0,8.0,7.0,5.0,Standard,Monthly,488.0,8.0,1.0
277673.0,24.0,Male,48.0,29.0,0.0,5.0,Standard,Annual,605.48,15.0,0.0
5506.0,48.0,Female,38.0,26.0,7.0,8.0,Standard,Annual,695.0,11.0,1.0
383674.0,49.0,Male,29.0,24.0,2.0,7.0,Premium,Quarterly,546.44,15.0,0.0
3399.0,54.0,Male,45.0,21.0,7.0,16.0,Basic,Quarterly,933.0,26.0,1.0
283551.0,22.0,Female,45.0,5.0,0.0,3.0,Standard,Annual,686.33,4.0,0.0
23338.0,64.0,Male,36.0,10.0,5.0,6.0,Premium,Annual,917.0,17.0,1.0
200707.0,40.0,Female,39.0,10.0,1.0,18.0,Standard,Annual,209.0,21.0,1.0
169675.0,49.0,Female,18.0,18.0,6.0,29.0,Premium,Monthly,134.0,1.0,1.0
174076.0,55.0,Male,37.0,8.0,8.0,25.0,Basic,Monthly,764.0,24.0,1.0
115158.0,21.0,Male,26.0,26.0,9.0,16.0,Standard,Monthly,852.0,24.0,1.0
430231.0,43.0,Female,27.0,10.0,0.0,20.0,Basic,Annual,924.57,15.0,0.0
39399.0,26.0,Male,34.0,29.0,7.0,5.0,Standard,Annual,351.0,26.0,1.0
162885.0,30.0,Male,50.0,9.0,8.0,12.0,Basic,Monthly,279.0,7.0,1.0
368080.0,39.0,Male,37.0,14.0,0.0,15.0,Standard,Annual,884.91,22.0,0.0
345850.0,50.0,Male,36.0,20.0,4.0,9.0,Basic,Annual,959.86,23.0,0.0
428684.0,25.0,Male,44.0,19.0,1.0,12.0,Standard,Quarterly,929.9,10.0,0.0
212384.0,63.0,Male,29.0,16.0,9.0,2.0,Basic,Monthly,945.64,11.0,1.0
3784.0,24.0,Male,39.0,7.0,1.0,9.0,Basic,Monthly,559.0,30.0,1.0
425953.0,48.0,Female,7.0,17.0,2.0,3.0,Standard,Annual,632.92,11.0,0.0
400303.0,36.0,Male,8.0,13.0,0.0,13.0,Standard,Annual,826.66,29.0,0.0
176700.0,37.0,Female,5.0,24.0,7.0,8.0,Premium,Annual,956.0,16.0,1.0
150480.0,26.0,Female,39.0,10.0,10.0,1.0,Standard,Monthly,674.0,18.0,1.0
9091.0,55.0,Female,42.0,7.0,10.0,9.0,Premium,Monthly,615.0,1.0,1.0
231221.0,54.0,Male,2.0,6.0,3.0,23.0,Standard,Monthly,189.0,23.0,1.0
134993.0,28.0,Female,20.0,7.0,9.0,3.0,Basic,Monthly,982.0,9.0,1.0
27756.0,41.0,Male,44.0,12.0,5.0,13.0,Basic,Annual,105.0,19.0,0.0
253102.0,64.0,Male,13.0,30.0,1.0,22.0,Basic,Annual,701.76,26.0,1.0
395851.0,39.0,Male,57.0,12.0,0.0,16.0,Standard,Annual,521.0,16.0,0.0
288844.0,28.0,Male,51.0,6.0,2.0,7.0,Premium,Annual,935.05,28.0,0.0
240924.0,50.0,Male,55.0,2.0,8.0,0.0,Basic,Quarterly,502.11,14.0,1.0
130201.0,57.0,Male,38.0,28.0,4.0,9.0,Basic,Annual,503.0,14.0,1.0
35861.0,36.0,Male,27.0,4.0,5.0,13.0,Basic,Quarterly,178.0,24.0,0.0
313487.0,37.0,Male,14.0,21.0,1.0,9.0,Premium,Quarterly,546.16,2.0,0.0
35072.0,58.0,Male,30.0,29.0,7.0,30.0,Standard,Quarterly,631.0,15.0,1.0
258743.0,64.0,Male,53.0,28.0,7.0,19.0,Basic,Monthly,242.01,2.0,1.0
93433.0,28.0,Female,52.0,24.0,8.0,15.0,Standard,Monthly,764.0,27.0,1.0
400499.0,30.0,Female,36.0,14.0,2.0,6.0,Basic,Quarterly,564.93,15.0,0.0
74666.0,56.0,Male,57.0,2.0,7.0,4.0,Premium,Annual,326.0,8.0,1.0
371243.0,31.0,Male,48.0,26.0,0.0,19.0,Basic,Quarterly,954.97,2.0,0.0
123519.0,25.0,Male,27.0,29.0,1.0,5.0,Premium,Monthly,495.0,25.0,1.0
262165.0,22.0,Male,46.0,4.0,1.0,5.0,Basic,Quarterly,798.24,10.0,0.0
141472.0,33.0,Male,56.0,11.0,1.0,8.0,Standard,Monthly,108.0,23.0,1.0
20372.0,35.0,Male,46.0,26.0,8.0,19.0,Standard,Annual,274.0,4.0,1.0
244203.0,60.0,Male,26.0,8.0,5.0,15.0,Premium,Quarterly,626.1,17.0,1.0
29979.0,48.0,Male,9.0,3.0,1.0,30.0,Premium,Quarterly,607.0,26.0,0.0
100761.0,54.0,Female,15.0,29.0,6.0,14.0,Basic,Annual,716.0,5.0,1.0
155114.0,47.0,Female,33.0,5.0,10.0,3.0,Standard,Monthly,194.0,8.0,1.0
423603.0,45.0,Male,7.0,16.0,4.0,1.0,Standard,Quarterly,855.43,5.0,0.0
241667.0,33.0,Male,23.0,3.0,6.0,10.0,Premium,Annual,276.5,3.0,1.0
17214.0,47.0,Female,20.0,1.0,8.0,14.0,Standard,Monthly,722.0,5.0,1.0
1741.0,60.0,Male,51.0,22.0,7.0,15.0,Premium,Annual,481.0,12.0,1.0
29011.0,65.0,Female,18.0,1.0,4.0,0.0,Premium,Monthly,623.0,23.0,1.0
273807.0,32.0,Male,44.0,28.0,3.0,17.0,Premium,Quarterly,645.89,2.0,0.0
5582.0,24.0,Male,11.0,7.0,2.0,3.0,Standard,Annual,803.0,8.0,0.0
418683.0,47.0,Female,17.0,22.0,2.0,20.0,Premium,Annual,868.3,13.0,0.0
117799.0,34.0,Female,43.0,27.0,0.0,11.0,Premium,Quarterly,314.0,10.0,1.0
67586.0,22.0,Female,25.0,26.0,2.0,16.0,Basic,Monthly,498.0,30.0,1.0
244777.0,51.0,Male,40.0,19.0,9.0,0.0,Premium,Quarterly,342.0,15.0,1.0
43395.0,48.0,Female,58.0,25.0,4.0,9.0,Premium,Annual,794.0,24.0,1.0
5804.0,31.0,Male,47.0,28.0,3.0,21.0,Premium,Monthly,978.0,2.0,1.0
35831.0,44.0,Female,10.0,7.0,8.0,22.0,Standard,Monthly,512.0,25.0,1.0
4178.0,31.0,Male,5.0,26.0,3.0,4.0,Premium,Annual,160.0,23.0,0.0
312800.0,23.0,Female,35.0,21.0,1.0,14.0,Premium,Annual,685.22,14.0,0.0
373363.0,27.0,Female,25.0,27.0,1.0,19.0,Premium,Quarterly,744.63,4.0,0.0
430482.0,47.0,Female,60.0,18.0,2.0,15.0,Basic,Quarterly,701.69,2.0,0.0
88434.0,23.0,Female,38.0,10.0,10.0,15.0,Standard,Monthly,573.0,13.0,1.0
221430.0,32.0,Male,18.0,25.0,9.0,20.0,Premium,Monthly,289.02,19.0,1.0
232577.0,26.0,Male,26.0,10.0,6.0,27.0,Standard,Annual,728.47,7.0,1.0
191691.0,63.0,Male,37.0,27.0,0.0,6.0,Premium,Annual,728.0,15.0,1.0
58676.0,50.0,Male,51.0,17.0,10.0,27.0,Basic,Monthly,767.0,1.0,1.0
28681.0,26.0,Male,47.0,18.0,1.0,4.0,Standard,Monthly,274.0,11.0,0.0
87536.0,31.0,Female,17.0,11.0,7.0,4.0,Standard,Monthly,360.0,12.0,1.0
132306.0,27.0,Female,56.0,29.0,4.0,4.0,Premium,Monthly,597.0,23.0,1.0
152305.0,55.0,Female,29.0,4.0,5.0,25.0,Standard,Monthly,971.0,26.0,1.0
37144.0,35.0,Female,31.0,27.0,2.0,7.0,Premium,Annual,370.0,21.0,0.0
204620.0,44.0,Male,33.0,15.0,6.0,3.0,Premium,Annual,186.57,12.0,1.0
95854.0,37.0,Female,32.0,13.0,5.0,6.0,Standard,Quarterly,465.0,12.0,1.0
428790.0,47.0,Female,51.0,21.0,3.0,19.0,Standard,Quarterly,919.34,14.0,0.0
445909.0,24.0,Male,11.0,27.0,0.0,14.0,Standard,Quarterly,558.49,18.0,0.0
54634.0,40.0,Male,26.0,8.0,8.0,0.0,Premium,Annual,693.0,23.0,1.0
71323.0,31.0,Female,12.0,15.0,1.0,18.0,Premium,Annual,615.0,28.0,1.0
283043.0,37.0,Female,55.0,5.0,0.0,9.0,Basic,Annual,537.69,1.0,0.0
150017.0,19.0,Male,24.0,26.0,6.0,30.0,Standard,Quarterly,416.0,24.0,1.0
212248.0,18.0,Male,10.0,9.0,4.0,25.0,Basic,Annual,798.91,9.0,1.0
445935.0,31.0,Female,19.0,10.0,2.0,8.0,Premium,Annual,978.44,4.0,0.0
135330.0,19.0,Female,32.0,18.0,8.0,19.0,Premium,Monthly,297.0,23.0,1.0
234680.0,35.0,Female,2.0,25.0,10.0,8.0,Premium,Annual,474.89,7.0,1.0
39224.0,58.0,Female,13.0,19.0,9.0,4.0,Standard,Quarterly,703.0,2.0,1.0
366792.0,24.0,Male,57.0,4.0,2.0,5.0,Standard,Annual,601.79,25.0,0.0
63002.0,24.0,Female,5.0,21.0,9.0,21.0,Premium,Monthly,532.0,9.0,1.0
7760.0,47.0,Male,3.0,29.0,6.0,26.0,Standard,Quarterly,872.0,28.0,1.0
402589.0,49.0,Male,48.0,28.0,2.0,3.0,Basic,Annual,530.65,19.0,0.0
183355.0,23.0,Male,20.0,21.0,8.0,21.0,Premium,Quarterly,399.0,14.0,1.0
405646.0,46.0,Male,42.0,12.0,0.0,8.0,Standard,Annual,876.92,10.0,0.0
54155.0,65.0,Female,23.0,22.0,9.0,30.0,Standard,Monthly,716.0,8.0,1.0
41394.0,62.0,Female,12.0,17.0,2.0,17.0,Standard,Monthly,835.0,19.0,0.0
32264.0,63.0,Male,31.0,23.0,3.0,25.0,Standard,Monthly,902.0,2.0,0.0
30737.0,60.0,Male,43.0,18.0,2.0,13.0,Basic,Monthly,655.0,19.0,1.0
11127.0,39.0,Male,24.0,17.0,1.0,27.0,Premium,Annual,935.0,5.0,0.0
316890.0,49.0,Male,35.0,3.0,4.0,19.0,Standard,Quarterly,874.12,10.0,0.0
32792.0,29.0,Male,4.0,30.0,10.0,15.0,Basic,Annual,259.0,30.0,1.0
366249.0,50.0,Male,31.0,5.0,4.0,9.0,Premium,Quarterly,925.33,15.0,0.0
226375.0,20.0,Female,19.0,20.0,0.0,26.0,Standard,Quarterly,546.05,1.0,1.0
255102.0,42.0,Female,50.0,26.0,10.0,30.0,Premium,Annual,815.85,6.0,1.0
237534.0,53.0,Male,42.0,30.0,0.0,7.0,Basic,Monthly,848.41,9.0,1.0
56917.0,51.0,Female,14.0,22.0,3.0,28.0,Standard,Monthly,520.0,3.0,1.0
354408.0,33.0,Male,49.0,9.0,1.0,14.0,Standard,Quarterly,803.9,19.0,0.0
112289.0,60.0,Female,22.0,16.0,4.0,16.0,Basic,Annual,750.0,6.0,1.0
349530.0,34.0,Female,11.0,2.0,3.0,9.0,Standard,Annual,651.5,13.0,0.0
122914.0,61.0,Male,56.0,25.0,4.0,27.0,Standard,Monthly,262.0,18.0,1.0
421952.0,50.0,Male,27.0,19.0,1.0,6.0,Premium,Annual,520.55,5.0,0.0
47761.0,30.0,Male,33.0,3.0,8.0,24.0,Basic,Quarterly,809.0,5.0,1.0
447380.0,46.0,Male,15.0,23.0,0.0,2.0,Basic,Annual,861.91,24.0,0.0
220172.0,25.0,Female,45.0,26.0,7.0,17.0,Premium,Monthly,669.63,19.0,1.0
389052.0,31.0,Male,43.0,21.0,1.0,1.0,Basic,Quarterly,662.69,14.0,0.0
228598.0,29.0,Male,54.0,24.0,9.0,1.0,Basic,Monthly,377.04,27.0,1.0
352854.0,20.0,Male,3.0,9.0,0.0,20.0,Premium,Annual,533.07,18.0,0.0
198360.0,18.0,Female,19.0,9.0,6.0,16.0,Premium,Quarterly,852.0,5.0,1.0
219756.0,28.0,Female,23.0,9.0,8.0,10.0,Basic,Monthly,662.83,18.0,1.0
43514.0,33.0,Female,37.0,3.0,7.0,18.0,Basic,Quarterly,670.0,22.0,1.0
273023.0,18.0,Female,56.0,28.0,0.0,7.0,Basic,Annual,947.49,4.0,0.0
277349.0,43.0,Male,1.0,23.0,4.0,2.0,Standard,Quarterly,597.81,17.0,0.0
221177.0,59.0,Male,35.0,11.0,10.0,10.0,Basic,Annual,565.11,30.0,1.0
57965.0,59.0,Female,19.0,19.0,9.0,7.0,Basic,Monthly,794.0,20.0,1.0
77976.0,20.0,Male,40.0,19.0,9.0,11.0,Basic,Quarterly,264.0,13.0,1.0
342863.0,19.0,Female,50.0,18.0,1.0,17.0,Basic,Annual,622.38,7.0,0.0
276910.0,47.0,Female,8.0,16.0,1.0,7.0,Premium,Annual,898.89,5.0,0.0
297356.0,25.0,Female,55.0,30.0,2.0,18.0,Basic,Quarterly,975.64,14.0,0.0
12435.0,25.0,Female,51.0,24.0,2.0,24.0,Basic,Annual,820.0,16.0,0.0
1367.0,46.0,Male,13.0,22.0,6.0,30.0,Basic,Quarterly,473.0,30.0,1.0
421795.0,35.0,Male,16.0,26.0,0.0,15.0,Basic,Quarterly,575.42,25.0,0.0
313285.0,25.0,Male,22.0,23.0,2.0,10.0,Premium,Annual,891.33,18.0,0.0
213289.0,32.0,Male,20.0,26.0,10.0,27.0,Standard,Annual,140.16,7.0,1.0
154563.0,59.0,Male,24.0,27.0,8.0,22.0,Basic,Annual,978.0,9.0,1.0
304116.0,41.0,Female,41.0,16.0,0.0,9.0,Standard,Quarterly,533.84,5.0,0.0
28181.0,47.0,Male,36.0,25.0,4.0,29.0,Standard,Annual,802.0,6.0,0.0
73999.0,21.0,Female,41.0,25.0,4.0,17.0,Basic,Quarterly,820.0,10.0,1.0
53639.0,21.0,Female,4.0,6.0,6.0,30.0,Premium,Quarterly,490.0,30.0,1.0
149528.0,61.0,Male,28.0,15.0,5.0,24.0,Premium,Annual,306.0,24.0,1.0
396534.0,47.0,Male,30.0,18.0,2.0,1.0,Premium,Quarterly,704.98,11.0,0.0
376453.0,41.0,Female,33.0,5.0,2.0,19.0,Standard,Quarterly,541.47,9.0,0.0
140528.0,46.0,Female,42.0,29.0,4.0,15.0,Premium,Monthly,388.0,24.0,1.0
259995.0,52.0,Male,55.0,22.0,10.0,11.0,Standard,Monthly,905.06,8.0,1.0
21794.0,36.0,Male,7.0,8.0,9.0,20.0,Premium,Quarterly,248.0,26.0,0.0
306057.0,50.0,Female,34.0,21.0,4.0,17.0,Basic,Quarterly,785.46,1.0,0.0
140185.0,31.0,Male,4.0,24.0,8.0,16.0,Standard,Monthly,358.0,30.0,1.0
102496.0,36.0,Female,31.0,10.0,10.0,1.0,Basic,Monthly,487.0,26.0,1.0
24162.0,25.0,Female,21.0,13.0,2.0,7.0,Premium,Annual,712.0,18.0,0.0
152381.0,44.0,Male,47.0,7.0,9.0,30.0,Standard,Quarterly,625.0,18.0,1.0
400758.0,39.0,Male,10.0,28.0,2.0,1.0,Premium,Annual,834.53,10.0,0.0
492.0,51.0,Female,7.0,25.0,5.0,28.0,Basic,Quarterly,398.0,6.0,1.0
406241.0,27.0,Male,53.0,17.0,0.0,0.0,Basic,Annual,958.09,26.0,0.0
177182.0,61.0,Female,40.0,11.0,3.0,15.0,Standard,Monthly,659.0,19.0,1.0
140834.0,29.0,Female,3.0,30.0,2.0,4.0,Basic,Monthly,995.0,23.0,1.0
6395.0,55.0,Female,39.0,4.0,5.0,12.0,Standard,Monthly,120.0,28.0,1.0
176717.0,59.0,Male,21.0,26.0,8.0,4.0,Premium,Annual,421.0,5.0,1.0
445748.0,50.0,Female,33.0,2.0,0.0,18.0,Premium,Annual,694.55,3.0,0.0
310105.0,30.0,Female,41.0,24.0,0.0,10.0,Standard,Annual,601.7,15.0,0.0
298852.0,34.0,Male,31.0,10.0,3.0,4.0,Standard,Annual,704.26,16.0,0.0
240587.0,28.0,Male,51.0,25.0,4.0,15.0,Basic,Quarterly,876.72,23.0,1.0
146250.0,58.0,Female,27.0,28.0,8.0,2.0,Basic,Annual,108.0,13.0,1.0
33323.0,22.0,Female,36.0,28.0,3.0,11.0,Premium,Monthly,275.0,19.0,1.0
416105.0,44.0,Female,20.0,14.0,4.0,12.0,Premium,Annual,714.7,7.0,0.0
60255.0,31.0,Female,32.0,15.0,0.0,24.0,Premium,Monthly,659.0,22.0,1.0
276721.0,47.0,Male,50.0,30.0,4.0,19.0,Premium,Quarterly,626.79,27.0,0.0
176986.0,59.0,Female,50.0,9.0,10.0,22.0,Basic,Monthly,768.0,6.0,1.0
15836.0,23.0,Female,52.0,18.0,2.0,17.0,Standard,Annual,699.0,22.0,0.0
291608.0,21.0,Female,57.0,17.0,2.0,14.0,Premium,Quarterly,705.16,6.0,0.0
389845.0,44.0,Male,34.0,10.0,3.0,10.0,Basic,Quarterly,987.5,8.0,0.0
324597.0,23.0,Female,33.0,5.0,0.0,14.0,Premium,Quarterly,794.61,14.0,0.0
38559.0,56.0,Female,59.0,3.0,4.0,4.0,Standard,Monthly,653.0,6.0,1.0
14713.0,65.0,Female,9.0,3.0,3.0,14.0,Premium,Quarterly,616.0,27.0,0.0
42192.0,18.0,Female,35.0,25.0,7.0,30.0,Basic,Monthly,266.0,8.0,1.0
1654.0,19.0,Female,9.0,11.0,1.0,22.0,Premium,Quarterly,768.0,29.0,0.0
434729.0,39.0,Male,56.0,21.0,2.0,18.0,Standard,Annual,833.97,2.0,0.0
445845.0,49.0,Male,2.0,8.0,3.0,11.0,Premium,Quarterly,514.42,24.0,0.0
321776.0,44.0,Female,60.0,15.0,0.0,13.0,Standard,Quarterly,904.17,12.0,0.0
48122.0,56.0,Female,6.0,13.0,1.0,1.0,Standard,Monthly,959.0,27.0,1.0
17287.0,42.0,Female,30.0,30.0,7.0,11.0,Standard,Monthly,389.0,15.0,1.0
106283.0,62.0,Male,58.0,19.0,1.0,21.0,Basic,Monthly,678.0,12.0,1.0
233269.0,56.0,Male,30.0,17.0,9.0,17.0,Standard,Monthly,961.81,9.0,1.0
423732.0,30.0,Female,31.0,3.0,2.0,1.0,Standard,Quarterly,545.88,6.0,0.0
406013.0,34.0,Female,19.0,17.0,0.0,12.0,Premium,Quarterly,986.19,13.0,0.0
95290.0,62.0,Female,50.0,22.0,8.0,30.0,Standard,Quarterly,470.0,13.0,1.0
296982.0,32.0,Male,11.0,30.0,2.0,9.0,Basic,Quarterly,868.78,12.0,0.0
369935.0,20.0,Female,21.0,27.0,2.0,19.0,Standard,Quarterly,603.98,9.0,0.0
30055.0,50.0,Female,7.0,13.0,10.0,7.0,Premium,Quarterly,985.0,20.0,0.0
179563.0,39.0,Male,60.0,17.0,10.0,21.0,Basic,Monthly,606.0,24.0,1.0
82097.0,36.0,Female,31.0,8.0,0.0,30.0,Basic,Annual,233.0,10.0,1.0
327948.0,50.0,Female,26.0,20.0,3.0,6.0,Basic,Annual,516.25,6.0,0.0
194840.0,58.0,Male,25.0,21.0,7.0,22.0,Premium,Annual,512.0,2.0,1.0
154821.0,24.0,Male,47.0,26.0,5.0,14.0,Basic,Quarterly,778.0,24.0,1.0
270384.0,38.0,Male,43.0,27.0,3.0,15.0,Standard,Quarterly,671.93,18.0,0.0
5362.0,36.0,Male,44.0,23.0,4.0,16.0,Premium,Quarterly,128.0,26.0,0.0
430346.0,47.0,Male,36.0,1.0,0.0,1.0,Basic,Annual,788.78,24.0,0.0
11575.0,21.0,Male,50.0,25.0,3.0,24.0,Basic,Quarterly,148.0,23.0,1.0
90216.0,23.0,Female,28.0,6.0,8.0,20.0,Premium,Annual,888.0,30.0,1.0
364859.0,30.0,Female,11.0,23.0,2.0,8.0,Premium,Annual,899.98,3.0,0.0
106636.0,39.0,Female,35.0,23.0,9.0,27.0,Standard,Quarterly,521.0,26.0,1.0
219240.0,33.0,Female,28.0,9.0,5.0,7.0,Basic,Quarterly,820.18,25.0,1.0
184490.0,19.0,Female,57.0,20.0,9.0,22.0,Standard,Monthly,532.0,30.0,1.0
217710.0,47.0,Male,43.0,18.0,5.0,27.0,Standard,Quarterly,236.39,14.0,1.0
102375.0,37.0,Male,42.0,30.0,5.0,27.0,Standard,Monthly,823.0,13.0,1.0
70895.0,22.0,Female,47.0,16.0,10.0,13.0,Premium,Monthly,651.0,8.0,1.0
379773.0,34.0,Female,55.0,2.0,2.0,16.0,Basic,Annual,507.21,14.0,0.0
260893.0,33.0,Male,27.0,11.0,2.0,12.0,Standard,Quarterly,525.07,2.0,0.0
405206.0,38.0,Female,39.0,25.0,3.0,9.0,Premium,Annual,893.93,1.0,0.0
66174.0,26.0,Female,9.0,17.0,9.0,8.0,Standard,Annual,436.0,28.0,1.0
129670.0,21.0,Female,6.0,19.0,7.0,7.0,Basic,Annual,646.0,20.0,1.0
12090.0,54.0,Female,29.0,7.0,10.0,3.0,Basic,Annual,559.0,8.0,0.0
361900.0,50.0,Female,51.0,16.0,1.0,15.0,Basic,Annual,692.73,12.0,0.0
56992.0,18.0,Male,34.0,20.0,10.0,30.0,Premium,Quarterly,813.0,14.0,1.0
9576.0,31.0,Male,43.0,11.0,6.0,16.0,Basic,Annual,442.0,14.0,1.0
125769.0,35.0,Female,13.0,5.0,0.0,29.0,Standard,Monthly,192.0,1.0,1.0
212505.0,24.0,Female,21.0,18.0,0.0,28.0,Standard,Quarterly,527.51,10.0,1.0
275393.0,40.0,Male,44.0,16.0,4.0,9.0,Premium,Annual,750.93,30.0,0.0
35398.0,57.0,Male,43.0,26.0,7.0,5.0,Premium,Monthly,606.0,8.0,1.0
60506.0,29.0,Female,27.0,22.0,5.0,26.0,Basic,Monthly,562.0,9.0,1.0
169210.0,45.0,Male,33.0,26.0,4.0,7.0,Standard,Annual,478.0,26.0,1.0
34312.0,48.0,Female,27.0,19.0,4.0,29.0,Standard,Quarterly,710.0,25.0,0.0
266116.0,46.0,Male,32.0,25.0,3.0,13.0,Premium,Annual,745.56,7.0,0.0
312261.0,23.0,Male,17.0,19.0,0.0,19.0,Basic,Annual,563.15,25.0,0.0
56171.0,65.0,Female,55.0,1.0,7.0,11.0,Standard,Annual,204.0,7.0,1.0
40752.0,42.0,Female,58.0,22.0,2.0,22.0,Standard,Monthly,324.0,2.0,1.0
57207.0,28.0,Female,1.0,25.0,6.0,29.0,Premium,Annual,497.0,7.0,1.0
35272.0,20.0,Female,3.0,26.0,0.0,13.0,Basic,Quarterly,101.0,25.0,0.0
140190.0,58.0,Female,15.0,24.0,9.0,17.0,Standard,Quarterly,245.0,23.0,1.0
173977.0,44.0,Male,14.0,21.0,5.0,13.0,Basic,Monthly,586.0,30.0,1.0
285061.0,22.0,Male,13.0,14.0,0.0,1.0,Basic,Annual,719.48,20.0,0.0
32770.0,31.0,Female,40.0,13.0,10.0,16.0,Standard,Monthly,825.0,21.0,1.0
114018.0,42.0,Male,5.0,9.0,4.0,8.0,Premium,Monthly,537.0,5.0,1.0
146311.0,35.0,Female,1.0,21.0,6.0,0.0,Standard,Quarterly,947.0,6.0,1.0
396507.0,49.0,Male,55.0,7.0,2.0,11.0,Premium,Annual,739.97,1.0,0.0
1233.0,60.0,Male,30.0,15.0,2.0,14.0,Premium,Quarterly,156.0,13.0,1.0
386570.0,34.0,Male,45.0,11.0,1.0,10.0,Basic,Quarterly,781.62,6.0,0.0
229490.0,61.0,Male,6.0,1.0,5.0,10.0,Premium,Annual,437.27,11.0,1.0
343709.0,41.0,Male,12.0,14.0,1.0,1.0,Standard,Quarterly,917.8,7.0,0.0
50738.0,21.0,Male,25.0,22.0,10.0,18.0,Premium,Quarterly,415.0,14.0,1.0
185493.0,52.0,Male,13.0,21.0,10.0,22.0,Premium,Annual,229.0,16.0,1.0
142747.0,20.0,Female,16.0,19.0,5.0,10.0,Standard,Annual,554.0,8.0,1.0
441140.0,46.0,Male,25.0,29.0,2.0,9.0,Standard,Quarterly,955.06,26.0,0.0
422495.0,45.0,Male,50.0,13.0,2.0,12.0,Premium,Annual,806.36,12.0,0.0
199927.0,54.0,Female,53.0,4.0,8.0,30.0,Premium,Monthly,262.0,29.0,1.0
37367.0,50.0,Male,37.0,28.0,2.0,19.0,Standard,Monthly,670.0,1.0,0.0
438858.0,26.0,Female,47.0,1.0,0.0,15.0,Standard,Annual,589.6,14.0,0.0
147930.0,42.0,Male,17.0,21.0,5.0,27.0,Premium,Annual,743.0,8.0,1.0
362708.0,50.0,Male,26.0,24.0,0.0,2.0,Premium,Annual,839.71,4.0,0.0
319327.0,30.0,Male,37.0,26.0,1.0,19.0,Premium,Quarterly,930.7,1.0,0.0
251986.0,52.0,Male,24.0,3.0,2.0,23.0,Standard,Monthly,885.81,29.0,1.0
228870.0,22.0,Male,52.0,24.0,10.0,17.0,Basic,Quarterly,689.95,12.0,1.0
26048.0,48.0,Male,45.0,5.0,4.0,1.0,Basic,Annual,870.0,15.0,0.0
196010.0,26.0,Female,39.0,5.0,6.0,26.0,Standard,Monthly,228.0,4.0,1.0
3628.0,18.0,Female,18.0,9.0,4.0,8.0,Standard,Quarterly,677.0,18.0,0.0
13049.0,30.0,Male,46.0,30.0,6.0,24.0,Premium,Monthly,725.0,22.0,1.0
38801.0,28.0,Male,35.0,26.0,0.0,2.0,Standard,Monthly,487.0,20.0,0.0
357654.0,40.0,Male,46.0,14.0,4.0,4.0,Standard,Quarterly,651.13,30.0,0.0
93025.0,30.0,Male,8.0,12.0,7.0,30.0,Basic,Annual,369.0,9.0,1.0
10497.0,27.0,Female,28.0,29.0,10.0,2.0,Standard,Annual,885.0,14.0,1.0
96768.0,61.0,Female,29.0,1.0,2.0,2.0,Basic,Monthly,396.0,20.0,1.0
54011.0,42.0,Female,34.0,21.0,10.0,17.0,Standard,Monthly,117.0,14.0,1.0
327134.0,47.0,Male,15.0,22.0,2.0,18.0,Premium,Annual,594.91,18.0,0.0
32054.0,41.0,Male,52.0,11.0,7.0,19.0,Premium,Annual,644.0,24.0,1.0
87262.0,45.0,Male,13.0,20.0,6.0,15.0,Basic,Monthly,812.0,8.0,1.0
194275.0,26.0,Male,11.0,7.0,2.0,6.0,Premium,Annual,273.0,21.0,1.0
52833.0,53.0,Male,1.0,30.0,1.0,14.0,Basic,Quarterly,136.0,29.0,1.0
67473.0,27.0,Female,37.0,8.0,4.0,17.0,Standard,Quarterly,130.0,6.0,1.0
389211.0,45.0,Female,50.0,18.0,1.0,17.0,Standard,Annual,627.99,9.0,0.0
148320.0,53.0,Female,3.0,3.0,6.0,27.0,Premium,Annual,471.0,27.0,1.0
107531.0,41.0,Male,9.0,8.0,9.0,20.0,Standard,Monthly,319.0,23.0,1.0
33996.0,32.0,Male,20.0,30.0,6.0,0.0,Basic,Quarterly,628.0,19.0,0.0
386111.0,18.0,Male,22.0,29.0,0.0,10.0,Basic,Quarterly,934.58,19.0,0.0
209662.0,44.0,Male,11.0,15.0,7.0,15.0,Basic,Monthly,261.88,11.0,1.0
344600.0,22.0,Male,29.0,26.0,0.0,8.0,Basic,Annual,960.61,20.0,0.0
121152.0,48.0,Female,3.0,29.0,6.0,24.0,Basic,Annual,286.0,17.0,1.0
320105.0,41.0,Male,47.0,12.0,4.0,9.0,Premium,Annual,939.34,9.0,0.0
37580.0,35.0,Male,45.0,10.0,6.0,2.0,Standard,Annual,763.0,2.0,1.0
381255.0,44.0,Female,48.0,29.0,4.0,1.0,Standard,Annual,705.84,8.0,0.0
206222.0,22.0,Male,1.0,21.0,3.0,1.0,Premium,Annual,453.86,19.0,1.0
260502.0,60.0,Male,32.0,18.0,0.0,15.0,Basic,Quarterly,452.38,12.0,1.0
73728.0,51.0,Female,48.0,17.0,5.0,25.0,Basic,Quarterly,876.0,26.0,1.0
308982.0,27.0,Male,53.0,17.0,0.0,8.0,Basic,Quarterly,641.82,9.0,0.0
53458.0,18.0,Male,51.0,8.0,8.0,17.0,Premium,Quarterly,803.0,20.0,1.0
267733.0,44.0,Male,36.0,15.0,4.0,18.0,Premium,Quarterly,922.3,12.0,0.0
23006.0,33.0,Male,40.0,7.0,8.0,28.0,Basic,Annual,198.0,3.0,1.0
163494.0,36.0,Male,27.0,14.0,8.0,7.0,Basic,Quarterly,938.0,28.0,1.0
176359.0,56.0,Female,14.0,16.0,10.0,28.0,Standard,Monthly,291.0,8.0,1.0
61418.0,22.0,Male,39.0,1.0,6.0,14.0,Basic,Quarterly,942.0,13.0,1.0
42161.0,47.0,Female,22.0,5.0,3.0,29.0,Basic,Quarterly,392.0,1.0,1.0
183504.0,58.0,Female,42.0,26.0,8.0,29.0,Premium,Quarterly,360.0,25.0,1.0
439073.0,28.0,Male,22.0,27.0,0.0,10.0,Premium,Annual,500.88,5.0,0.0
339497.0,38.0,Female,43.0,20.0,2.0,9.0,Basic,Quarterly,585.32,7.0,0.0
61260.0,43.0,Female,39.0,29.0,1.0,4.0,Premium,Annual,457.0,1.0,1.0
410409.0,30.0,Male,6.0,28.0,0.0,0.0,Basic,Annual,507.52,3.0,0.0
277657.0,27.0,Male,33.0,16.0,0.0,13.0,Basic,Quarterly,785.24,26.0,0.0
213984.0,30.0,Male,10.0,28.0,4.0,6.0,Standard,Annual,630.47,17.0,1.0
39094.0,33.0,Male,28.0,9.0,7.0,5.0,Basic,Annual,271.0,6.0,1.0
208428.0,64.0,Female,53.0,2.0,10.0,20.0,Basic,Annual,231.66,15.0,1.0
403602.0,39.0,Male,42.0,11.0,1.0,9.0,Premium,Quarterly,957.36,14.0,0.0
12084.0,39.0,Female,21.0,3.0,2.0,27.0,Basic,Annual,994.0,1.0,1.0
421911.0,19.0,Female,46.0,27.0,0.0,19.0,Standard,Annual,584.16,4.0,0.0
56335.0,36.0,Male,51.0,2.0,2.0,25.0,Basic,Annual,851.0,27.0,1.0
8529.0,60.0,Male,47.0,17.0,4.0,8.0,Standard,Monthly,821.0,13.0,1.0
217539.0,45.0,Male,53.0,16.0,5.0,27.0,Basic,Annual,125.75,19.0,1.0
240268.0,64.0,Female,48.0,1.0,7.0,24.0,Standard,Annual,898.62,14.0,1.0
258639.0,63.0,Female,12.0,11.0,8.0,16.0,Standard,Annual,695.55,4.0,1.0
198611.0,43.0,Female,17.0,25.0,3.0,10.0,Basic,Quarterly,917.0,19.0,1.0
269067.0,37.0,Male,48.0,26.0,3.0,4.0,Standard,Annual,676.85,16.0,0.0
10206.0,36.0,Female,22.0,5.0,0.0,4.0,Standard,Monthly,458.0,25.0,0.0
223907.0,57.0,Female,7.0,1.0,9.0,8.0,Premium,Monthly,111.95,22.0,1.0
86624.0,42.0,Male,6.0,8.0,8.0,18.0,Premium,Annual,248.0,20.0,1.0
85239.0,62.0,Female,53.0,8.0,3.0,5.0,Basic,Monthly,110.0,21.0,1.0
182136.0,39.0,Female,43.0,26.0,9.0,8.0,Standard,Annual,545.0,13.0,1.0
79109.0,35.0,Male,7.0,17.0,4.0,28.0,Basic,Annual,804.0,23.0,1.0
169689.0,53.0,Male,41.0,27.0,3.0,13.0,Basic,Monthly,161.0,14.0,1.0
141952.0,23.0,Female,36.0,17.0,6.0,20.0,Standard,Monthly,195.0,29.0,1.0
391513.0,42.0,Female,54.0,29.0,3.0,13.0,Premium,Quarterly,900.93,1.0,0.0
408623.0,22.0,Male,9.0,22.0,2.0,14.0,Basic,Quarterly,832.03,26.0,0.0
70460.0,28.0,Male,51.0,12.0,4.0,15.0,Basic,Annual,584.0,22.0,1.0
417309.0,45.0,Male,39.0,16.0,0.0,1.0,Premium,Annual,599.61,9.0,0.0
259559.0,59.0,Male,34.0,18.0,2.0,2.0,Premium,Monthly,986.88,16.0,1.0
56354.0,32.0,Male,35.0,22.0,5.0,15.0,Basic,Monthly,554.0,14.0,1.0
164464.0,25.0,Female,18.0,25.0,5.0,11.0,Standard,Quarterly,848.0,18.0,1.0
142768.0,44.0,Female,54.0,7.0,7.0,12.0,Basic,Monthly,709.0,12.0,1.0
219817.0,54.0,Male,42.0,18.0,6.0,9.0,Basic,Annual,773.71,9.0,1.0
373477.0,24.0,Female,4.0,24.0,0.0,10.0,Premium,Annual,506.85,8.0,0.0
386816.0,20.0,Male,36.0,3.0,2.0,3.0,Standard,Quarterly,723.03,23.0,0.0
448293.0,25.0,Male,33.0,18.0,1.0,9.0,Standard,Quarterly,546.78,11.0,0.0
438792.0,42.0,Male,13.0,17.0,2.0,13.0,Standard,Annual,662.69,28.0,0.0
433884.0,49.0,Male,20.0,10.0,2.0,12.0,Premium,Quarterly,569.9,7.0,0.0
173171.0,47.0,Female,56.0,17.0,0.0,19.0,Basic,Annual,792.0,7.0,0.0
136912.0,25.0,Female,24.0,2.0,2.0,15.0,Premium,Monthly,670.0,24.0,1.0
164982.0,29.0,Male,53.0,3.0,10.0,15.0,Standard,Monthly,873.0,9.0,1.0
315982.0,41.0,Male,27.0,2.0,1.0,2.0,Standard,Quarterly,705.34,22.0,0.0
186551.0,42.0,Male,48.0,29.0,0.0,28.0,Premium,Monthly,743.0,10.0,1.0
209091.0,50.0,Female,53.0,29.0,4.0,2.0,Standard,Monthly,692.73,8.0,1.0
403775.0,46.0,Male,7.0,4.0,0.0,9.0,Standard,Annual,843.31,20.0,0.0
366046.0,26.0,Male,8.0,13.0,0.0,5.0,Premium,Annual,588.98,3.0,0.0
89072.0,40.0,Male,2.0,11.0,7.0,21.0,Basic,Monthly,272.0,11.0,1.0
36658.0,39.0,Male,38.0,13.0,4.0,6.0,Standard,Monthly,565.0,13.0,0.0
304370.0,47.0,Male,55.0,7.0,2.0,6.0,Premium,Quarterly,909.39,12.0,0.0
446604.0,41.0,Female,15.0,13.0,2.0,18.0,Premium,Annual,648.97,4.0,0.0
338621.0,39.0,Male,47.0,19.0,1.0,18.0,Basic,Quarterly,555.3,5.0,0.0
96912.0,21.0,Male,39.0,4.0,5.0,19.0,Basic,Monthly,851.0,22.0,1.0
434777.0,47.0,Male,50.0,8.0,2.0,18.0,Standard,Quarterly,560.46,10.0,0.0
433486.0,21.0,Female,51.0,9.0,0.0,12.0,Standard,Quarterly,814.62,6.0,0.0
215764.0,65.0,Female,34.0,15.0,0.0,2.0,Premium,Monthly,783.4,6.0,1.0
41086.0,62.0,Male,54.0,22.0,1.0,23.0,Standard,Annual,536.0,16.0,1.0
14300.0,35.0,Female,2.0,12.0,5.0,4.0,Premium,Annual,338.0,12.0,0.0
274870.0,41.0,Male,33.0,22.0,3.0,13.0,Basic,Quarterly,529.94,10.0,0.0
11590.0,38.0,Male,41.0,9.0,10.0,8.0,Premium,Monthly,343.0,4.0,1.0
379883.0,45.0,Male,42.0,8.0,0.0,19.0,Standard,Quarterly,939.93,21.0,0.0
409970.0,18.0,Female,19.0,25.0,1.0,13.0,Basic,Annual,524.35,13.0,0.0
141998.0,24.0,Male,60.0,13.0,9.0,29.0,Premium,Quarterly,815.0,28.0,1.0
150967.0,46.0,Male,7.0,3.0,6.0,29.0,Premium,Annual,114.0,3.0,1.0
169533.0,32.0,Male,41.0,17.0,9.0,15.0,Standard,Monthly,235.0,18.0,1.0
64833.0,21.0,Male,9.0,23.0,9.0,27.0,Premium,Annual,275.0,26.0,1.0
291166.0,33.0,Male,9.0,21.0,1.0,15.0,Basic,Annual,804.73,16.0,0.0
77521.0,41.0,Female,22.0,30.0,0.0,3.0,Premium,Annual,164.0,28.0,1.0
265718.0,18.0,Male,5.0,28.0,1.0,18.0,Premium,Annual,907.53,13.0,0.0
225391.0,62.0,Male,24.0,16.0,2.0,6.0,Premium,Monthly,596.82,21.0,1.0
361687.0,41.0,Female,46.0,6.0,1.0,0.0,Basic,Quarterly,997.72,3.0,0.0
327954.0,43.0,Female,44.0,1.0,2.0,4.0,Standard,Quarterly,571.93,7.0,0.0
337791.0,48.0,Male,3.0,3.0,4.0,16.0,Standard,Annual,977.49,14.0,0.0
90060.0,38.0,Male,10.0,9.0,0.0,25.0,Standard,Monthly,726.0,12.0,1.0
92456.0,33.0,Male,3.0,23.0,10.0,30.0,Standard,Quarterly,281.0,1.0,1.0
5515.0,31.0,Male,32.0,7.0,7.0,1.0,Premium,Quarterly,364.0,9.0,1.0
265189.0,36.0,Male,22.0,23.0,0.0,16.0,Basic,Annual,655.28,1.0,0.0
268582.0,21.0,Male,22.0,29.0,2.0,2.0,Basic,Annual,714.18,18.0,0.0
429915.0,49.0,Male,14.0,27.0,4.0,16.0,Premium,Quarterly,537.93,19.0,0.0
24194.0,55.0,Male,45.0,3.0,6.0,23.0,Standard,Annual,770.0,9.0,1.0
183172.0,31.0,Male,19.0,15.0,8.0,20.0,Basic,Quarterly,355.0,10.0,1.0
101668.0,61.0,Male,10.0,23.0,10.0,17.0,Basic,Quarterly,742.0,19.0,1.0
3627.0,25.0,Male,40.0,2.0,7.0,13.0,Premium,Monthly,344.0,16.0,1.0
226134.0,54.0,Male,4.0,7.0,0.0,20.0,Basic,Monthly,898.69,29.0,1.0
93612.0,39.0,Male,4.0,7.0,5.0,10.0,Standard,Annual,600.0,7.0,1.0
119001.0,21.0,Female,41.0,16.0,10.0,7.0,Basic,Quarterly,642.0,6.0,1.0
129846.0,63.0,Female,26.0,20.0,0.0,25.0,Basic,Quarterly,392.0,21.0,1.0
327919.0,46.0,Male,21.0,26.0,3.0,7.0,Basic,Annual,602.72,8.0,0.0
41827.0,49.0,Male,57.0,30.0,7.0,7.0,Premium,Monthly,864.0,9.0,1.0
43218.0,64.0,Male,29.0,11.0,6.0,28.0,Premium,Annual,503.0,21.0,1.0
305405.0,50.0,Male,3.0,16.0,2.0,3.0,Premium,Quarterly,562.59,2.0,0.0
184960.0,38.0,Female,13.0,27.0,0.0,2.0,Basic,Annual,883.0,23.0,1.0
105244.0,51.0,Male,60.0,11.0,3.0,1.0,Premium,Quarterly,148.0,20.0,1.0
239728.0,40.0,Male,24.0,17.0,4.0,22.0,Basic,Annual,587.56,28.0,1.0
43015.0,48.0,Female,34.0,16.0,7.0,26.0,Standard,Monthly,801.0,15.0,1.0
138759.0,24.0,Male,51.0,8.0,8.0,8.0,Premium,Quarterly,782.0,13.0,1.0
92140.0,33.0,Female,41.0,27.0,10.0,25.0,Premium,Annual,983.0,13.0,1.0
145310.0,33.0,Male,5.0,8.0,9.0,27.0,Premium,Monthly,674.0,28.0,1.0
421900.0,42.0,Male,46.0,25.0,2.0,3.0,Standard,Annual,566.69,8.0,0.0
45353.0,26.0,Male,15.0,7.0,5.0,6.0,Basic,Annual,741.0,26.0,1.0
179535.0,43.0,Female,17.0,17.0,5.0,22.0,Standard,Annual,105.0,12.0,1.0
293863.0,34.0,Male,16.0,25.0,0.0,5.0,Standard,Annual,997.16,11.0,0.0
159868.0,34.0,Female,31.0,17.0,2.0,1.0,Standard,Annual,917.0,18.0,1.0
153172.0,24.0,Female,40.0,30.0,4.0,2.0,Premium,Quarterly,148.0,16.0,1.0
14591.0,21.0,Male,18.0,7.0,5.0,29.0,Premium,Annual,180.0,13.0,0.0
124623.0,45.0,Female,16.0,13.0,5.0,10.0,Premium,Annual,100.0,16.0,1.0
407903.0,28.0,Male,12.0,23.0,2.0,11.0,Premium,Annual,653.13,10.0,0.0
233449.0,23.0,Female,50.0,25.0,2.0,18.0,Basic,Monthly,760.41,13.0,1.0
191074.0,54.0,Male,32.0,11.0,6.0,0.0,Standard,Annual,240.0,25.0,1.0
120213.0,26.0,Female,40.0,25.0,3.0,16.0,Standard,Annual,934.0,19.0,1.0
210073.0,52.0,Male,46.0,20.0,4.0,6.0,Basic,Annual,427.2,29.0,1.0
44462.0,52.0,Male,8.0,4.0,4.0,26.0,Standard,Monthly,298.0,10.0,1.0
32758.0,60.0,Male,25.0,29.0,9.0,19.0,Basic,Annual,180.0,6.0,1.0
368204.0,44.0,Male,42.0,7.0,0.0,6.0,Premium,Annual,987.8,18.0,0.0
316702.0,42.0,Male,50.0,12.0,3.0,9.0,Standard,Annual,814.34,14.0,0.0
358315.0,48.0,Male,40.0,12.0,2.0,15.0,Basic,Annual,988.3,18.0,0.0
20805.0,33.0,Male,52.0,21.0,1.0,29.0,Basic,Monthly,826.0,17.0,1.0
25450.0,25.0,Female,13.0,24.0,0.0,17.0,Basic,Monthly,202.0,24.0,0.0
233860.0,44.0,Female,51.0,2.0,9.0,11.0,Premium,Quarterly,351.61,9.0,1.0
415878.0,47.0,Male,46.0,12.0,4.0,18.0,Standard,Annual,608.76,22.0,0.0
266932.0,48.0,Male,15.0,17.0,1.0,1.0,Premium,Quarterly,570.62,1.0,0.0
419081.0,32.0,Male,7.0,1.0,2.0,0.0,Premium,Annual,891.87,25.0,0.0
303831.0,23.0,Female,39.0,5.0,2.0,7.0,Basic,Annual,725.89,12.0,0.0
164280.0,18.0,Male,11.0,24.0,0.0,26.0,Premium,Quarterly,565.0,5.0,1.0
435694.0,35.0,Female,19.0,20.0,1.0,17.0,Basic,Annual,979.98,12.0,0.0
106062.0,46.0,Male,43.0,23.0,5.0,22.0,Premium,Annual,486.0,4.0,1.0
299947.0,48.0,Male,35.0,9.0,3.0,9.0,Basic,Quarterly,940.8,2.0,0.0
271958.0,38.0,Male,38.0,15.0,2.0,12.0,Basic,Annual,907.17,24.0,0.0
52085.0,45.0,Male,35.0,11.0,0.0,15.0,Basic,Monthly,855.0,28.0,1.0
129276.0,38.0,Female,56.0,13.0,7.0,29.0,Standard,Annual,236.0,8.0,1.0
270363.0,30.0,Female,51.0,6.0,0.0,0.0,Standard,Quarterly,921.58,5.0,0.0
3537.0,27.0,Female,57.0,21.0,3.0,20.0,Basic,Monthly,203.0,3.0,0.0
308511.0,18.0,Male,51.0,18.0,0.0,20.0,Basic,Quarterly,768.67,6.0,0.0
182432.0,33.0,Female,49.0,17.0,7.0,23.0,Basic,Quarterly,238.0,1.0,1.0
295924.0,38.0,Female,45.0,6.0,0.0,18.0,Basic,Annual,552.29,4.0,0.0
196190.0,36.0,Male,50.0,28.0,7.0,20.0,Basic,Quarterly,313.0,29.0,1.0
415016.0,41.0,Male,10.0,3.0,1.0,0.0,Basic,Quarterly,624.87,13.0,0.0
371142.0,23.0,Female,26.0,9.0,0.0,17.0,Basic,Quarterly,926.5,15.0,0.0
302190.0,41.0,Male,36.0,10.0,1.0,16.0,Premium,Annual,885.4,2.0,0.0
183283.0,40.0,Female,43.0,18.0,7.0,28.0,Basic,Monthly,283.0,5.0,1.0
413006.0,45.0,Male,3.0,15.0,1.0,1.0,Premium,Annual,645.62,27.0,0.0
329864.0,44.0,Female,40.0,28.0,0.0,20.0,Premium,Quarterly,947.16,5.0,0.0
362148.0,27.0,Male,53.0,21.0,1.0,17.0,Premium,Annual,973.7,29.0,0.0
17513.0,55.0,Male,4.0,3.0,7.0,5.0,Standard,Quarterly,654.0,6.0,1.0
244412.0,48.0,Female,7.0,28.0,3.0,5.0,Basic,Monthly,111.88,17.0,1.0
267542.0,31.0,Male,54.0,14.0,3.0,12.0,Basic,Quarterly,951.65,13.0,0.0
304575.0,39.0,Male,36.0,17.0,0.0,20.0,Premium,Annual,970.83,7.0,0.0
35439.0,63.0,Male,56.0,21.0,2.0,6.0,Basic,Quarterly,260.0,20.0,1.0
22966.0,34.0,Female,33.0,18.0,8.0,23.0,Standard,Monthly,322.0,18.0,1.0
332831.0,36.0,Male,40.0,7.0,2.0,16.0,Standard,Quarterly,797.7,10.0,0.0
2721.0,54.0,Female,8.0,15.0,4.0,5.0,Basic,Annual,351.0,21.0,0.0
205441.0,51.0,Male,26.0,7.0,0.0,8.0,Basic,Monthly,907.76,1.0,1.0
303705.0,24.0,Female,8.0,14.0,2.0,5.0,Basic,Quarterly,793.96,5.0,0.0
379419.0,23.0,Male,29.0,19.0,2.0,12.0,Basic,Quarterly,785.73,23.0,0.0
17058.0,18.0,Male,45.0,21.0,4.0,6.0,Basic,Annual,943.0,13.0,0.0
334329.0,39.0,Male,44.0,21.0,2.0,8.0,Basic,Quarterly,768.02,30.0,0.0
165196.0,21.0,Female,41.0,6.0,5.0,3.0,Basic,Quarterly,736.0,13.0,1.0
244597.0,18.0,Female,59.0,3.0,1.0,1.0,Basic,Monthly,312.49,18.0,1.0
220822.0,64.0,Female,59.0,30.0,10.0,10.0,Standard,Quarterly,611.42,9.0,1.0
48921.0,30.0,Female,41.0,13.0,8.0,20.0,Basic,Annual,714.0,11.0,1.0
10903.0,38.0,Male,8.0,6.0,8.0,4.0,Basic,Quarterly,842.0,19.0,1.0
341776.0,48.0,Female,24.0,20.0,1.0,5.0,Premium,Quarterly,863.76,8.0,0.0
413002.0,44.0,Male,20.0,13.0,4.0,14.0,Premium,Annual,844.19,29.0,0.0
186444.0,65.0,Female,7.0,29.0,10.0,13.0,Standard,Quarterly,509.0,30.0,1.0
88714.0,34.0,Male,21.0,26.0,3.0,0.0,Basic,Monthly,847.0,9.0,1.0
194278.0,39.0,Male,40.0,2.0,4.0,16.0,Basic,Annual,500.0,14.0,1.0
350543.0,30.0,Male,34.0,15.0,2.0,3.0,Premium,Quarterly,873.93,25.0,0.0
139519.0,37.0,Male,59.0,30.0,10.0,13.0,Basic,Annual,387.0,29.0,1.0
217157.0,32.0,Male,8.0,16.0,5.0,17.0,Premium,Monthly,558.24,10.0,1.0
148128.0,57.0,Male,4.0,22.0,3.0,18.0,Basic,Monthly,679.0,28.0,1.0
5491.0,49.0,Female,32.0,30.0,1.0,13.0,Standard,Quarterly,906.0,18.0,1.0
408513.0,35.0,Male,8.0,22.0,0.0,7.0,Premium,Annual,772.01,2.0,0.0
174432.0,50.0,Female,13.0,21.0,9.0,28.0,Basic,Annual,677.0,13.0,1.0
217221.0,47.0,Male,19.0,9.0,10.0,5.0,Premium,Monthly,531.67,12.0,1.0
46493.0,32.0,Female,10.0,10.0,10.0,13.0,Premium,Annual,835.0,24.0,1.0
398962.0,36.0,Male,50.0,11.0,1.0,17.0,Basic,Quarterly,613.47,6.0,0.0
134655.0,22.0,Male,50.0,8.0,7.0,28.0,Premium,Annual,600.0,27.0,1.0
425221.0,42.0,Male,52.0,28.0,3.0,14.0,Basic,Quarterly,802.34,21.0,0.0
378236.0,30.0,Male,9.0,16.0,1.0,18.0,Basic,Quarterly,628.51,9.0,0.0
207928.0,62.0,Male,7.0,1.0,10.0,2.0,Premium,Quarterly,827.94,26.0,1.0
5908.0,59.0,Male,55.0,20.0,2.0,14.0,Premium,Monthly,911.0,9.0,0.0
33563.0,44.0,Male,41.0,8.0,1.0,23.0,Standard,Quarterly,539.0,21.0,1.0
424029.0,47.0,Male,57.0,2.0,0.0,18.0,Premium,Annual,780.48,22.0,0.0
100027.0,28.0,Male,2.0,11.0,1.0,14.0,Premium,Monthly,475.0,17.0,1.0
430783.0,49.0,Male,52.0,17.0,1.0,19.0,Standard,Quarterly,523.33,23.0,0.0
98395.0,59.0,Male,45.0,2.0,6.0,3.0,Basic,Monthly,935.0,26.0,1.0
118725.0,65.0,Male,18.0,5.0,6.0,7.0,Standard,Annual,596.0,24.0,1.0
362093.0,48.0,Male,41.0,21.0,4.0,0.0,Standard,Quarterly,997.72,26.0,0.0
34261.0,23.0,Female,18.0,12.0,5.0,18.0,Premium,Quarterly,513.0,29.0,1.0
443621.0,26.0,Female,1.0,12.0,2.0,12.0,Premium,Quarterly,508.4,12.0,0.0
20901.0,21.0,Male,38.0,29.0,2.0,25.0,Standard,Monthly,876.0,30.0,1.0
52859.0,54.0,Female,4.0,4.0,8.0,18.0,Premium,Quarterly,792.0,16.0,1.0
408589.0,22.0,Male,60.0,18.0,1.0,3.0,Premium,Annual,876.34,14.0,0.0
174664.0,34.0,Male,23.0,10.0,8.0,18.0,Basic,Annual,580.0,11.0,1.0
202960.0,29.0,Male,40.0,15.0,9.0,26.0,Basic,Annual,964.0,30.0,1.0
355854.0,37.0,Female,43.0,6.0,3.0,19.0,Premium,Annual,818.52,15.0,0.0
92166.0,24.0,Female,28.0,27.0,6.0,18.0,Basic,Monthly,780.0,24.0,1.0
14056.0,28.0,Male,5.0,29.0,6.0,16.0,Premium,Monthly,924.0,28.0,1.0
189830.0,52.0,Female,26.0,16.0,8.0,4.0,Basic,Quarterly,603.0,23.0,1.0
4732.0,35.0,Male,42.0,15.0,3.0,24.0,Standard,Monthly,169.0,24.0,0.0
131481.0,54.0,Male,45.0,28.0,0.0,19.0,Premium,Annual,597.0,15.0,1.0
90637.0,62.0,Female,40.0,19.0,0.0,5.0,Standard,Annual,290.0,18.0,1.0
60343.0,51.0,Female,35.0,14.0,8.0,6.0,Premium,Quarterly,286.0,8.0,1.0
433073.0,20.0,Male,6.0,27.0,2.0,14.0,Basic,Quarterly,866.83,17.0,0.0
1887.0,49.0,Male,48.0,27.0,0.0,10.0,Premium,Monthly,768.0,21.0,0.0
30730.0,45.0,Female,58.0,21.0,2.0,27.0,Basic,Monthly,198.0,20.0,1.0
45980.0,24.0,Male,29.0,7.0,10.0,19.0,Basic,Annual,390.0,16.0,1.0
383417.0,33.0,Male,33.0,24.0,3.0,8.0,Standard,Quarterly,588.46,20.0,0.0
124307.0,51.0,Male,30.0,27.0,2.0,23.0,Premium,Annual,264.0,16.0,1.0
391421.0,31.0,Male,45.0,1.0,0.0,3.0,Basic,Annual,733.34,25.0,0.0
19238.0,32.0,Male,33.0,19.0,1.0,27.0,Basic,Annual,161.0,6.0,0.0
258890.0,52.0,Female,58.0,10.0,6.0,16.0,Standard,Quarterly,315.1,27.0,1.0
327939.0,25.0,Female,10.0,12.0,1.0,18.0,Standard,Quarterly,575.77,14.0,0.0
48152.0,47.0,Male,23.0,3.0,2.0,1.0,Premium,Annual,354.0,27.0,1.0
347323.0,22.0,Female,21.0,29.0,1.0,11.0,Premium,Quarterly,876.55,6.0,0.0
30268.0,33.0,Male,24.0,23.0,9.0,9.0,Basic,Annual,528.0,18.0,0.0
406037.0,25.0,Male,32.0,22.0,2.0,2.0,Standard,Annual,906.04,5.0,0.0
263283.0,38.0,Male,7.0,2.0,1.0,3.0,Premium,Quarterly,915.88,25.0,0.0
97522.0,49.0,Female,24.0,26.0,3.0,24.0,Standard,Annual,760.0,6.0,1.0
372366.0,31.0,Male,8.0,12.0,1.0,4.0,Standard,Annual,679.31,3.0,0.0
19532.0,64.0,Male,26.0,25.0,0.0,3.0,Premium,Quarterly,348.0,25.0,0.0
313497.0,49.0,Female,9.0,7.0,0.0,8.0,Premium,Quarterly,826.18,3.0,0.0
366984.0,39.0,Female,30.0,14.0,2.0,12.0,Premium,Annual,540.58,1.0,0.0
48902.0,59.0,Female,46.0,30.0,2.0,5.0,Basic,Annual,811.0,17.0,1.0
113739.0,33.0,Female,41.0,3.0,0.0,24.0,Premium,Monthly,133.0,30.0,1.0
355167.0,26.0,Male,7.0,14.0,1.0,20.0,Basic,Annual,875.97,16.0,0.0
44034.0,20.0,Female,10.0,15.0,2.0,7.0,Premium,Quarterly,196.0,9.0,1.0
251877.0,64.0,Male,7.0,7.0,5.0,4.0,Premium,Monthly,313.49,24.0,1.0
189289.0,63.0,Female,5.0,27.0,8.0,23.0,Premium,Monthly,973.0,3.0,1.0
53893.0,55.0,Male,28.0,25.0,4.0,13.0,Premium,Annual,422.0,9.0,1.0
384536.0,24.0,Male,29.0,20.0,1.0,1.0,Standard,Quarterly,904.16,8.0,0.0
1654.0,62.0,Male,45.0,10.0,4.0,2.0,Basic,Monthly,457.0,1.0,1.0
63362.0,23.0,Male,11.0,1.0,0.0,3.0,Basic,Annual,413.0,15.0,1.0
12680.0,56.0,Female,30.0,12.0,7.0,8.0,Premium,Quarterly,966.0,18.0,0.0
225912.0,53.0,Male,2.0,13.0,8.0,19.0,Premium,Annual,911.05,20.0,1.0
329427.0,19.0,Male,57.0,26.0,0.0,8.0,Standard,Annual,970.66,29.0,0.0
174209.0,50.0,Female,7.0,27.0,0.0,20.0,Premium,Quarterly,221.0,11.0,1.0
212021.0,52.0,Female,48.0,24.0,9.0,29.0,Standard,Monthly,531.37,15.0,1.0
263453.0,36.0,Female,25.0,27.0,2.0,8.0,Standard,Annual,878.67,9.0,0.0
160524.0,52.0,Male,33.0,23.0,7.0,1.0,Premium,Monthly,734.0,17.0,1.0
125657.0,42.0,Male,33.0,5.0,9.0,18.0,Standard,Quarterly,564.0,13.0,1.0
140585.0,33.0,Female,13.0,23.0,4.0,1.0,Basic,Annual,588.0,3.0,1.0
55172.0,52.0,Male,51.0,13.0,6.0,30.0,Premium,Monthly,453.0,6.0,1.0
41065.0,35.0,Male,6.0,30.0,9.0,26.0,Basic,Annual,444.0,5.0,0.0
23803.0,41.0,Male,52.0,23.0,10.0,25.0,Basic,Annual,584.0,7.0,1.0
135583.0,59.0,Male,31.0,24.0,0.0,15.0,Basic,Annual,715.0,5.0,1.0
248553.0,34.0,Female,55.0,10.0,8.0,16.0,Standard,Monthly,478.37,9.0,1.0
147098.0,33.0,Female,52.0,6.0,9.0,18.0,Premium,Annual,800.0,26.0,1.0
131150.0,33.0,Male,26.0,22.0,6.0,5.0,Standard,Annual,832.0,2.0,1.0
386485.0,26.0,Male,9.0,6.0,2.0,20.0,Premium,Quarterly,663.22,8.0,0.0
370495.0,42.0,Female,54.0,8.0,1.0,14.0,Premium,Annual,801.82,6.0,0.0
338887.0,26.0,Male,3.0,18.0,2.0,1.0,Standard,Annual,561.23,1.0,0.0
272492.0,31.0,Male,49.0,14.0,0.0,2.0,Basic,Annual,844.41,13.0,0.0
109872.0,56.0,Female,17.0,7.0,6.0,28.0,Standard,Monthly,103.0,28.0,1.0
30482.0,48.0,Female,42.0,18.0,9.0,20.0,Basic,Quarterly,497.0,28.0,1.0
7448.0,56.0,Male,27.0,5.0,10.0,4.0,Standard,Annual,567.0,30.0,1.0
163786.0,62.0,Female,48.0,10.0,1.0,10.0,Basic,Monthly,391.0,29.0,1.0
169286.0,41.0,Male,19.0,14.0,4.0,9.0,Standard,Quarterly,457.0,14.0,1.0
394428.0,22.0,Male,15.0,30.0,2.0,7.0,Basic,Annual,521.7,30.0,0.0
383927.0,30.0,Male,51.0,8.0,3.0,0.0,Basic,Annual,694.39,25.0,0.0
17218.0,44.0,Male,47.0,27.0,7.0,19.0,Premium,Monthly,453.0,7.0,1.0
231594.0,61.0,Male,34.0,17.0,10.0,13.0,Standard,Quarterly,885.99,17.0,1.0
368632.0,35.0,Male,48.0,7.0,1.0,4.0,Premium,Annual,552.71,26.0,0.0
258461.0,60.0,Male,57.0,22.0,4.0,27.0,Standard,Quarterly,706.75,1.0,1.0
308703.0,37.0,Male,45.0,19.0,1.0,12.0,Basic,Annual,596.2,8.0,0.0
288650.0,34.0,Male,42.0,24.0,2.0,6.0,Premium,Annual,653.24,2.0,0.0
38926.0,26.0,Female,48.0,22.0,2.0,14.0,Premium,Monthly,972.0,27.0,0.0
28568.0,23.0,Male,47.0,11.0,7.0,2.0,Premium,Monthly,552.0,21.0,0.0
56422.0,61.0,Female,24.0,30.0,5.0,27.0,Premium,Annual,894.0,17.0,1.0
244930.0,63.0,Female,26.0,10.0,8.0,23.0,Basic,Quarterly,551.18,22.0,1.0
326718.0,44.0,Male,20.0,12.0,3.0,15.0,Premium,Quarterly,704.77,27.0,0.0
50534.0,23.0,Female,42.0,6.0,6.0,6.0,Basic,Quarterly,284.0,10.0,1.0
33413.0,55.0,Female,49.0,26.0,5.0,7.0,Standard,Annual,260.0,12.0,0.0
229376.0,65.0,Male,49.0,18.0,4.0,3.0,Basic,Quarterly,647.37,29.0,1.0
446568.0,49.0,Male,42.0,15.0,4.0,3.0,Basic,Quarterly,737.76,24.0,0.0
9247.0,43.0,Male,37.0,28.0,0.0,28.0,Basic,Monthly,212.0,7.0,1.0
411964.0,34.0,Female,60.0,8.0,2.0,18.0,Standard,Annual,742.07,1.0,0.0
180885.0,36.0,Female,29.0,3.0,4.0,8.0,Standard,Monthly,674.0,4.0,1.0
402117.0,48.0,Female,12.0,22.0,2.0,13.0,Basic,Quarterly,776.24,4.0,0.0
163609.0,49.0,Male,9.0,8.0,7.0,19.0,Premium,Annual,668.0,11.0,1.0
170344.0,54.0,Male,46.0,18.0,9.0,3.0,Premium,Quarterly,963.0,30.0,1.0
272134.0,38.0,Female,47.0,20.0,3.0,20.0,Standard,Quarterly,849.18,4.0,0.0
21436.0,63.0,Male,42.0,13.0,7.0,28.0,Basic,Monthly,758.0,6.0,1.0
34237.0,32.0,Male,59.0,1.0,7.0,1.0,Standard,Annual,641.0,20.0,1.0
16059.0,43.0,Female,10.0,4.0,2.0,30.0,Premium,Monthly,728.0,29.0,1.0
380695.0,24.0,Female,7.0,21.0,2.0,7.0,Standard,Annual,652.8,10.0,0.0
21836.0,48.0,Male,13.0,13.0,4.0,30.0,Standard,Quarterly,122.0,22.0,1.0
416980.0,25.0,Male,30.0,8.0,1.0,15.0,Premium,Annual,797.74,2.0,0.0
64700.0,38.0,Female,29.0,8.0,7.0,10.0,Standard,Monthly,117.0,11.0,1.0
3354.0,54.0,Female,23.0,9.0,3.0,22.0,Standard,Monthly,667.0,16.0,1.0
161652.0,43.0,Male,23.0,24.0,3.0,26.0,Basic,Quarterly,149.0,21.0,1.0
294579.0,50.0,Male,37.0,28.0,3.0,9.0,Standard,Annual,929.25,20.0,0.0
28272.0,35.0,Male,53.0,16.0,8.0,30.0,Standard,Quarterly,310.0,25.0,1.0
227799.0,44.0,Female,10.0,24.0,6.0,3.0,Premium,Quarterly,256.23,17.0,1.0
446448.0,22.0,Male,33.0,18.0,1.0,19.0,Basic,Quarterly,858.42,30.0,0.0
44694.0,51.0,Female,31.0,13.0,0.0,18.0,Premium,Monthly,826.0,26.0,0.0
365691.0,44.0,Male,27.0,27.0,4.0,0.0,Premium,Annual,607.33,26.0,0.0
186631.0,28.0,Female,54.0,4.0,6.0,17.0,Standard,Annual,930.0,30.0,1.0
395033.0,22.0,Male,59.0,1.0,2.0,4.0,Standard,Quarterly,628.54,10.0,0.0
299743.0,25.0,Male,57.0,6.0,2.0,1.0,Basic,Annual,857.9,8.0,0.0
430819.0,38.0,Female,15.0,10.0,0.0,0.0,Premium,Quarterly,954.88,5.0,0.0
55710.0,44.0,Female,51.0,11.0,10.0,21.0,Standard,Quarterly,629.0,20.0,1.0
95511.0,31.0,Female,44.0,23.0,6.0,5.0,Standard,Quarterly,607.0,24.0,1.0
302594.0,48.0,Male,51.0,27.0,1.0,18.0,Basic,Quarterly,532.28,16.0,0.0
39321.0,23.0,Female,25.0,3.0,0.0,2.0,Standard,Quarterly,164.0,17.0,1.0
293438.0,29.0,Male,26.0,23.0,0.0,7.0,Basic,Annual,690.62,11.0,0.0
245404.0,49.0,Female,28.0,4.0,9.0,24.0,Premium,Monthly,899.56,7.0,1.0
369848.0,31.0,Male,44.0,12.0,2.0,18.0,Basic,Annual,802.63,14.0,0.0
442644.0,47.0,Male,59.0,17.0,3.0,8.0,Basic,Quarterly,705.15,25.0,0.0
271649.0,47.0,Female,19.0,26.0,3.0,0.0,Premium,Annual,977.17,9.0,0.0
209070.0,41.0,Female,52.0,19.0,8.0,18.0,Basic,Annual,603.68,4.0,1.0
60808.0,29.0,Female,1.0,21.0,9.0,12.0,Basic,Quarterly,253.0,24.0,1.0
18790.0,31.0,Female,7.0,3.0,6.0,27.0,Standard,Quarterly,289.0,16.0,1.0
88626.0,30.0,Male,33.0,18.0,1.0,30.0,Standard,Quarterly,826.0,10.0,1.0
86929.0,42.0,Female,39.0,13.0,10.0,30.0,Basic,Monthly,981.0,6.0,1.0
294513.0,37.0,Female,46.0,24.0,2.0,7.0,Standard,Annual,656.35,15.0,0.0
181874.0,56.0,Female,1.0,28.0,2.0,3.0,Premium,Monthly,763.0,25.0,1.0
